Origin,"Date Created","Play Duration Milliseconds","Artist Name","Last Played","Play Count",Genres,Artists
UNKNOWN,20240803,821029,N/A,1722718743611,5,"Hip Hop/Rap, Music, Pop","Katy Perry, Pharrell Williams, Rauw Alejandro, Shawn Mendes, Swae Lee, Tommy Richman, Tones And I"
UNKNOWN,20240805,1219718,N/A,1722900557747,8,"Alternative, Dance, Music, Pop","BIA, Gigi D'Agostino, Hozier, Justin Bieber, Lukas Graham, Tiësto"
UNKNOWN,20240808,694882,N/A,1723158815915,1,"Dance, Electronic, Music",deadmau5
UNKNOWN,20240809,761509,N/A,1723216284496,2,"Dance, Electronic, Music, Trance","Armin van Buuren, Cosmic Gate, Maor Levi"
UNKNOWN,20240810,233160,N/A,1723330136393,1,"Dance, Music","LA Vision, VINAI"
UNKNOWN,20240813,1117328,N/A,1723589930547,7,"Dance, Latin, Latin Urban, Music, Pop, R&B/Soul, Trance","Ariana Grande, Chappell Roan, Dani Flow, Osmani Garcia ""La Voz"", Pitbull, Taylor Swift, The Weeknd, Tiësto"
UNKNOWN,20240814,1353659,N/A,1723672627307,7,"African, Afrobeats, Alternative, Dance, Music, Pop, Trance","Benson Boone, Black Eyed Peas, El Alfa, Jelly Roll, Justin Bieber, Omah Lay, Sia, Tiësto, mgk"
UNKNOWN,20240816,174470,N/A,1723846308798,4,"Dance, Heavy Metal, Hip Hop/Rap, Music, Pop, Rock","21 Savage, Drake, Jason Derulo, Jax Jones, Katy Perry, Mushroomhead, Pitbull, Young Thug"
UNKNOWN,20240817,1760353,N/A,1723938459038,12,"African, Afro-Pop, Dance, Music, Pop, R&B/Soul, Soundtrack","5 Seconds of Summer, AMIRROR, Akon, Anne-Marie, Ariana Grande, Bruno Mars, Charli xcx, Clean Bandit, David Guetta, Jason Derulo, Jax Jones, Lady Gaga, Maroon 5, Pitbull, The Weeknd"
UNKNOWN,20240818,335597,N/A,1724010266161,5,"Dance, Music, Pop, R&B/Soul","Alok, Doja Cat, Kate Bush, Mae Stephens, The Chainsmokers, The Weeknd"
UNKNOWN,20240819,84483,N/A,1724081887119,1,"Hip Hop/Rap, Music","Jack Harlow"
UNKNOWN,20240820,1255227,N/A,1724196442915,6,"Dance, Electronic, Music, R&B/Soul, Trance","Andy Moor, Gareth Emery, HALIENE, Markus Schulz, The Weeknd"
UNKNOWN,20240821,1247093,N/A,1724261114478,7,"Dance, Electronic, Music, Pop, Trance","Andy Moor, Ferry Corsten, Gareth Emery, HALIENE, Katy Perry, Markus Schulz"
UNKNOWN,20240823,852291,N/A,1724421461270,8,"Dance, Latin, Latin Urban, Music, Pop, R&B/Soul","AFROJACK, Charli xcx, Dani Flow, Jason Derulo, Jax Jones, Joel Corry, Ne-Yo, Osmani Garcia ""La Voz"", Pitbull, The Weeknd"
UNKNOWN,20241012,231877,N/A,1728749117928,1,"Dance, Music, Trance","Three Drives On a Vinyl"
UNKNOWN,20241014,327788,N/A,1728949135963,1,"Dance, Music, Trance","Tommy Johnson"
UNKNOWN,20241020,145829,N/A,1729452657807,2,"Dance, Electronic, Music, Trance","Ferry Corsten"
UNKNOWN,20241021,801074,N/A,1729545368983,2,"Dance, Music","Andrew Rayel, Bobina"
UNKNOWN,20241024,3533436,N/A,1729787159721,20,"Heavy Metal, Music, Rock",Otep
UNKNOWN,20241030,164450,N/A,1730329080525,2,"Dance, Music, Rock","Eiffel 65"
UNKNOWN,20241101,121503,N/A,1730476674127,1,"Dance, Music","Alphaville, Ava Max, David Guetta"
UNKNOWN,20241113,191715,N/A,1731533263641,1,"Music, New Age","Harmony Green"
UNKNOWN,20241122,325103,N/A,1732308566552,2,"Dance, Music, Pop","Bon Jovi, Drop - G, Pitbull, Regard"
UNKNOWN,20241129,181482,N/A,1732890256416,1,"Dance, Music","Above & Beyond, Opposite the Other, Seven Lions"
UNKNOWN,20241201,317894,N/A,1733012985079,1,"Dance, House, Music","Basto!"
UNKNOWN,20241208,776743,N/A,1733694461141,4,"Dance, Music, Pop","Alphaville, Ava Max, David Guetta, Lady Gaga"
UNKNOWN,20241213,237770,N/A,1734095657241,1,"Music, Pop","Taylor Swift"
UNKNOWN,20241216,227707,N/A,1734354669010,1,"Music, Pop","Taylor Swift"
UNKNOWN,20241218,184000,N/A,1734527368055,1,"Music, Pop","Teddy Swims"
UNKNOWN,20241219,224061,N/A,1734646658534,1,"Music, Pop","Taylor Swift"
UNKNOWN,20241223,4060519,N/A,1734972851519,12,"Alternative, Music","The Cure"
UNKNOWN,20241231,1516288,N/A,1735675705889,5,"Alternative, Music","The Cure"
UNKNOWN,20250102,2237437,N/A,1735845001174,7,"Alternative, Music","The Cure"
UNKNOWN,20250103,1682551,N/A,1735935038022,7,"Alternative, Music","The Cure"
UNKNOWN,20250107,70220,N/A,1736255130875,1,"Alternative, Music","The Cure"
UNKNOWN,20250108,3982940,N/A,1736373019291,13,"Alternative, Music","The Cure"
UNKNOWN,20250109,13000000,N/A,1736437900393,42,"Adult Contemporary, CCM, Christian & Gospel, Christmas, Gospel, Holiday, Inspirational, Music, Pop, Rock","Amanda Cook, Aodhán King, Benjamin William Hastings, Brooke Ligertwood, Cody Carnes, Elevation Worship, Hillsong, Hillsong UNITED, Hillsong Worship, Hillsong Young & Free, Housefires, Kari Jobe, Matt Crocker, Michael W. Smith, New Life Worship, TAYA"
UNKNOWN,20250114,5213810,N/A,1736879513084,15,"Alternative, Music","The Cure"
UNKNOWN,20250115,3317075,N/A,1736964255974,9,"Alternative, Music","The Cure"
UNKNOWN,20250116,2765363,N/A,1737063154194,9,"Alternative, Music","The Cure"
UNKNOWN,20250117,4132645,N/A,1737149748629,13,"Alternative, Music","The Cure"
UNKNOWN,20250118,2649949,N/A,1737223099408,8,"Alternative, Music","The Cure"
UNKNOWN,20250119,2592469,N/A,1737309227744,9,"Alternative, Music","The Cure"
UNKNOWN,20250120,4327661,N/A,1737389897260,14,"Alternative, Music","The Cure"
UNKNOWN,20250123,3372603,N/A,1737668040068,11,"Alternative, Music","The Cure"
UNKNOWN,20250124,3193136,N/A,1737758543868,11,"Alternative, Music","The Cure"
UNKNOWN,20250125,1686514,N/A,1737827819548,9,"Alternative, Music","LINKIN PARK"
UNKNOWN,20250126,3165862,N/A,1737914389171,18,"Alternative, Music","LINKIN PARK"
UNKNOWN,20250127,3492209,N/A,1738000873718,21,"Alternative, Music","LINKIN PARK"
UNKNOWN,20250128,2715263,N/A,1738080735211,15,"Alternative, Music","LINKIN PARK"
UNKNOWN,20250129,2432455,N/A,1738191223259,15,"Alternative, Music","LINKIN PARK"
UNKNOWN,20250130,3384871,N/A,1738259825623,17,"Alternative, Music","LINKIN PARK, The Cure"
UNKNOWN,20250131,2842045,N/A,1738346321730,15,"Alternative, Music","LINKIN PARK"
UNKNOWN,20250201,3671041,N/A,1738432366680,16,"Alternative, Music","LINKIN PARK, The Cure"
UNKNOWN,20250202,2095345,N/A,1738519419332,14,"Alternative, Music, Rock","Hollywood Undead, The Cure"
UNKNOWN,20250203,2087005,N/A,1738606075217,6,"Alternative, Music","The Cure"
UNKNOWN,20250205,2712760,N/A,1738807566924,9,"Alternative, Music","The Cure"
UNKNOWN,20250208,3512100,N/A,1739037802223,11,"Alternative, Music","The Cure"
UNKNOWN,20250209,2715900,N/A,1739123580981,8,"Alternative, Music","The Cure"
UNKNOWN,20250213,1105000,N/A,1739453816042,3,"Alternative, Music","The Cure"
UNKNOWN,20250214,3073234,N/A,1739564186947,11,"Alternative, Music","The Cure"
UNKNOWN,20250216,2010000,N/A,1739739809650,6,"Alternative, Music","The Cure"
UNKNOWN,20250219,46560,N/A,1739985767925,1,"Alternative, Music","The Cure"
UNKNOWN,20250220,2504772,N/A,1740074487291,8,"Alternative, Music","The Cure"
UNKNOWN,20250221,4521358,N/A,1740160574745,23,"Alternative, Music","LINKIN PARK, The Cure"
UNKNOWN,20250222,2455605,N/A,1740247310272,14,"Alternative, Music","LINKIN PARK"
UNKNOWN,20250223,5388467,N/A,1740336729671,32,"Alternative, Music","LINKIN PARK"
UNKNOWN,20250224,5113848,N/A,1740428972624,31,"Alternative, Music","LINKIN PARK"
UNKNOWN,20250225,3318000,N/A,1740496351340,10,"Alternative, Music","The Cure"
UNKNOWN,20250226,3998304,N/A,1740592131541,21,"Alternative, Music","LINKIN PARK"
UNKNOWN,20250227,14009238,N/A,1740700639153,75,"Alternative, Music","LINKIN PARK"
UNKNOWN,20250228,6472315,N/A,1740764134634,35,"Alternative, Music, Rock","Islander, LINKIN PARK"
UNKNOWN,20250301,1090247,N/A,1740795984655,6,"Music, Rock",Islander
UNKNOWN,20250302,1259326,N/A,1740882427582,5,"Alternative, Music, Rock","Islander, The Cure"
UNKNOWN,20250303,1922554,N/A,1741017728856,7,"Alternative, Music","The Cure"
UNKNOWN,20250304,301964,N/A,1741097172138,2,"Alternative, Music","LINKIN PARK"
UNKNOWN,20250305,1843774,N/A,1741197227847,12,"Alternative, Music, Soundtrack","LINKIN PARK, Matthew Ineleo, Olivia Foa'i, Sulata Foai-Amiatu, Vai Mahina"
UNKNOWN,20250306,4022325,N/A,1741282998883,22,"Alternative, Music","LINKIN PARK"
UNKNOWN,20250307,5001743,N/A,1741383468224,27,"Alternative, Music","LINKIN PARK"
UNKNOWN,20250308,1732044,N/A,1741456803685,10,"Alternative, Music","LINKIN PARK"
UNKNOWN,20250309,3044835,N/A,1741538529157,18,"Alternative, Music","LINKIN PARK"
UNKNOWN,20250310,3272151,N/A,1741630734221,14,"Adult Alternative, Alternative, Ambient, Contemporary Singer/Songwriter, Dance, Dubstep, Electronic, Hip Hop/Rap, Industrial, Music, Pop, Rock, Singer/Songwriter, Techno","Alex PTR, Alter Ego, DJ Tyx, LINKIN PARK, MOON, Max Tocci, Re:Served, Skinny Puppy, Vinyl Richie, Virzy Guns"
UNKNOWN,20250311,69315,N/A,1741696518154,1,"Adult Alternative, Electronic, Industrial, Music, Rock","Skinny Puppy"
UNKNOWN,20250315,3777372,N/A,1742087067616,12,"Alternative, Music","The Cure"
UNKNOWN,20250316,1556292,N/A,1742154031829,6,"Alternative, Music","The Cure"
UNKNOWN,20250318,2859645,N/A,1742333554205,10,"Alternative, Music","The Cure"
UNKNOWN,20250319,4129407,N/A,1742403137622,12,"Alternative, Music","The Cure"
UNKNOWN,20250320,4229355,N/A,1742489165216,22,"Alternative, Music","LINKIN PARK, The Cure"
UNKNOWN,20250321,3338126,N/A,1742576013131,20,"Alternative, Music","LINKIN PARK"
UNKNOWN,20250322,1946021,N/A,1742661701773,12,"Alternative, Music","LINKIN PARK"
UNKNOWN,20250323,990521,N/A,1742748666946,6,"Alternative, Music","LINKIN PARK"
UNKNOWN,20250324,1127785,N/A,1742859551476,7,"Alternative, Music","LINKIN PARK"
UNKNOWN,20250325,615000,N/A,1742907555587,2,"Alternative, Music","The Cure"
UNKNOWN,20250326,1864852,N/A,1743008585110,12,"Alternative, Hard Rock, Heavy Metal, Music, Rock","LINKIN PARK"
UNKNOWN,20250327,1688974,N/A,1743094888095,10,"Alternative, Music","LINKIN PARK"
UNKNOWN,20250328,1172499,N/A,1743180871713,9,"Alternative, Hard Rock, Heavy Metal, Music, Rock","LINKIN PARK"
UNKNOWN,20250329,1363527,N/A,1743267961810,9,"Alternative, Hard Rock, Heavy Metal, Music, Rock","LINKIN PARK"
UNKNOWN,20250330,1988530,N/A,1743353768098,14,"Adult Alternative, Alternative, Hard Rock, Heavy Metal, Music, Pop, Rock","LINKIN PARK"
UNKNOWN,20250331,9581700,N/A,1743447741322,44,"Adult Alternative, Alternative, Bebop, Electronic, Electronica, Hard Rock, Heavy Metal, Jazz, Music, Rock","Gotye, LINKIN PARK, The Cure"
UNKNOWN,20250401,1091000,N/A,1743537718380,5,"Alternative, Electronic, Music, Pop, Rock","Depeche Mode, The Afghan Whigs"
UNKNOWN,20250406,2659962,N/A,1743970907521,8,"Alternative, Music","The Cure"
UNKNOWN,20250407,925588,N/A,1744029871467,2,"Adult Alternative, Alternative, College Rock, Goth Rock, Music, Rock","The Cure"
UNKNOWN,20250408,4662024,N/A,1744139696737,15,"Adult Alternative, Alternative, College Rock, Goth Rock, Music, Rock","The Cure"
UNKNOWN,20250409,586612,N/A,1744202878949,3,"Adult Alternative, Alternative, College Rock, Goth Rock, Music, Rock","The Cure"
UNKNOWN,20250410,3060897,N/A,1744303296655,12,"Adult Alternative, Alternative, College Rock, Goth Rock, Music, Rock","The Cure"
UNKNOWN,20250411,3329412,N/A,1744390914409,14,"Adult Alternative, Alternative, College Rock, Goth Rock, Music, Rock","The Cure"
UNKNOWN,20250412,1311582,N/A,1744477215097,6,"Adult Alternative, Alternative, College Rock, Goth Rock, Music, Rock","The Cure"
UNKNOWN,20250413,3355666,N/A,1744562993724,15,"Adult Alternative, Alternative, College Rock, Goth Rock, Music, New Wave, Rock","The Cure"
UNKNOWN,20250414,72778,N/A,1744592656650,1,"Adult Alternative, Alternative, College Rock, Goth Rock, Music, New Wave, Rock","The Cure"
UNKNOWN,20250416,1823111,N/A,1744821350274,5,"Adult Alternative, Alternative, College Rock, Goth Rock, Music, New Wave, Rock","The Cure"
UNKNOWN,20250418,1671477,N/A,1744994981485,8,"Heavy Metal, Music, Rock","Bad Omens"
UNKNOWN,20250419,3070429,N/A,1745081195557,15,"Heavy Metal, Music, Rock","Bad Omens"
UNKNOWN,20250420,3536626,N/A,1745191270456,19,"Heavy Metal, Music, Rock","Bad Omens"
UNKNOWN,20250421,450000,N/A,1745272652819,1,"Classical, Music","David Parry, London Philharmonic Orchestra"
UNKNOWN,20250422,3105831,N/A,1745354033983,11,"Alternative, Heavy Metal, Music, Rock","Bad Omens, The Cure"
UNKNOWN,20250424,2204218,N/A,1745512946766,8,"Alternative, Music","The Cure"
UNKNOWN,20250425,3143917,N/A,1745599852989,9,"Alternative, Music","The Cure"
UNKNOWN,20250426,3947145,N/A,1745701153989,15,"Alternative, Music","LINKIN PARK, The Cure"
UNKNOWN,20250427,3396538,N/A,1745785881740,19,"Alternative, Music","LINKIN PARK"
UNKNOWN,20250428,3732249,N/A,1745866705595,20,"Alternative, Music","LINKIN PARK"
UNKNOWN,20250429,3849241,N/A,1745958608648,21,"Alternative, Music","LINKIN PARK, The Cure"
UNKNOWN,20250430,1562671,N/A,1746030191432,7,"Alternative, Music","The Cure"
UNKNOWN,20250501,4601100,N/A,1746114911627,13,"Alternative, Music","The Cure"
UNKNOWN,20250502,2215767,N/A,1746204439102,13,"Adult Alternative, Alternative, Grunge, Music, Rock","Nirvana, The Cure"
UNKNOWN,20250503,1489118,N/A,1746289179129,5,"Alternative, Music","The Cure"
UNKNOWN,20250504,4548520,N/A,1746401201150,26,"Alternative, Music, Rock","Hollywood Undead, The Cure"
UNKNOWN,20250505,2303888,N/A,1746481309522,13,"Hard Rock, Music, Rock","Hollywood Undead"
UNKNOWN,20250506,872709,N/A,1746535184278,5,"Hard Rock, Music, Rock","Hollywood Undead"
UNKNOWN,20250507,2751339,N/A,1746636581619,16,"Hard Rock, Music, Rock","Hollywood Undead"
UNKNOWN,20250508,4065612,N/A,1746722407780,23,"Adult Alternative, Hard Rock, Music, Rock","Anne Clark, Hollywood Undead"
UNKNOWN,20250509,3142516,N/A,1746810332707,17,"Adult Alternative, Music, Rock","Anne Clark"
UNKNOWN,20250510,3618709,N/A,1746896057669,19,"Adult Alternative, Music, Rock","Anne Clark"
UNKNOWN,20250511,2299404,N/A,1747003674300,13,"Adult Alternative, Music, Rock","Anne Clark"
UNKNOWN,20250512,4929409,N/A,1747094310284,37,"Adult Alternative, Dance, Dirty South, Hardcore Rap, Hip Hop/Rap, House, Latin, Latin Rap, Latin Urban, Music, Pop, R&B/Soul, Rap, Rock, Trance","Anne Clark, Flo Rida, Lil Jon, Ne-Yo, Piccallo, Pitbull, TheFatRat, Tiësto, USHER, Ying Yang Twins"
UNKNOWN,20250513,1794404,N/A,1747174403923,13,"Adult Alternative, Alternative, Alternative Rap, Dance, Hip Hop/Rap, House, Music, Pop, Rap, Rock, Underground Rap","Gorillaz, Miley Cyrus, N/A, Pitbull"
UNKNOWN,20250514,1316508,N/A,1747263451975,12,"Alternative, Dirty South, Hardcore Rap, Hip Hop/Rap, Music, Pop, Rap","Chris Lake, Cobra Starship, Flo Rida, Gorillaz, Lil Jon, Pitbull, Steve Aoki, Tujamo"
UNKNOWN,20250515,5170706,N/A,1747353848106,47,"Dance, Dirty South, Dubstep, Electronic, Hardcore Rap, Heavy Metal, Hip Hop/Rap, Music, Pop, Rap, Rock","AFROJACK, DJ Snake, Edward Maya, Korn, Lil Jon, Marshmello, Pitbull, TRICKSTAR, Vika Jigulina, Zac Brown"
UNKNOWN,20250516,5339596,N/A,1747439202442,32,"Dance, Dirty South, Electronic, Hardcore Rap, Hip Hop/Rap, Latin Rap, Music, Pop, R&B/Soul, Rap, Rock","AFROJACK, Calvin Harris, Lil Jon, Ne-Yo, Pitbull, SZA"
UNKNOWN,20250517,4837075,N/A,1747507432388,35,"Dance, Dirty South, Electronic, Hardcore Rap, Hip Hop/Rap, Latin, Latin Urban, Music, Pop, R&B/Soul, Rap","AFROJACK, Akon, Alesso, Calvin Harris, Cedric Gervais, Clementine Douglas, Dua Lipa, Gary LeVox, Katy Perry, Lana Del Rey, Lil Jon, Pitbull, SIMIEN, Young Thug"
UNKNOWN,20250518,7272199,N/A,1747612720628,39,"Dirty South, Hardcore Rap, Hip Hop/Rap, Latin Rap, Music, R&B/Soul, Rap, Rock","Calvin Harris, Lil Jon, Pitbull"
UNKNOWN,20250519,800263,N/A,1747691121004,5,"Dance, Dirty South, Hardcore Rap, Hip Hop/Rap, Music, Rap","Cedric Gervais, Lana Del Rey, Lil Jon"
UNKNOWN,20250520,1624978,N/A,1747787549265,12,"Dance, Dirty South, Hardcore Rap, Hip Hop/Rap, Latin, Latin Urban, Music, Pop, R&B/Soul, Rap, Singer/Songwriter","Alphaville, Ava Max, David Guetta, Ed Sheeran, Lil Jon, Pitbull, Rihanna, SZA, Sensato"
UNKNOWN,20250521,2713605,N/A,1747845971720,12,"Arena Rock, Dirty South, Hard Rock, Hardcore Rap, Hip Hop/Rap, Music, Pop, Pop/Rock, Rap, Rock, Soft Rock","Journey, Lil Jon"
UNKNOWN,20250522,6476530,N/A,1747947860296,29,"Arena Rock, Asia, Dirty South, Hard Rock, Hardcore Rap, Hip Hop/Rap, Japan, Music, Pop, Pop/Rock, Rap, Rock, Soft Rock, World","Dalai Guru, Flo Rida, Journey, Lil Jon"
UNKNOWN,20250523,4395218,N/A,1748018052718,19,"Arena Rock, Australia, Hard Rock, Heavy Metal, Music, Pop, Pop/Rock, Rock, Soft Rock, World","AC/DC, Far East Movement, Journey"
UNKNOWN,20250524,1982583,N/A,1748105000441,6,"Alternative, Music","The Cure"
UNKNOWN,20250525,6748616,N/A,1748212604216,36,"Alternative, Dirty South, Hardcore Rap, Hip Hop/Rap, Latin, Latin Rap, Modern Dancehall, Music, Pop, Rap, Reggae, Rock","Dario G, Elephant Man, Far East Movement, Lil Jon, Mohombi, Notch, Pitbull, Pretty Ricky, T-Weaponz, TKZee, The Cure, Ying Yang Twins"
UNKNOWN,20250526,4089144,N/A,1748304143978,18,"Contemporary R&B, Dance, Dirty South, Electronic, Hardcore Rap, Hip Hop/Rap, Music, Pop, R&B/Soul, Rap, Rock","AFROJACK, Akon, Calvin Harris, Far East Movement, Lil Jon, Pitbull"
UNKNOWN,20250527,519865,N/A,1748382655382,4,"African, Afrobeats, Dance, Music","Calvin Harris, MOLIY, Major Lazer, Silent Addy"
UNKNOWN,20250528,2607237,N/A,1748444096628,9,"Alternative, Dance, Music","Nicola Fasano, Pat-Rich, The Cure"
UNKNOWN,20250529,4411704,N/A,1748536651381,24,"Alternative, Ambient, Dance, Electronic, Music, New Age","Chakra Healing Music Academy, Feed Your Soul, Nicola Fasano, Pat-Rich, The Cure"
UNKNOWN,20250530,3481236,N/A,1748623927617,17,"Hard Rock, Heavy Metal, Hip Hop/Rap, Music, Rap, Rock","Korn, Otep"
UNKNOWN,20250531,1186129,N/A,1748734552456,6,"Dance, Heavy Metal, Hip Hop/Rap, Music, Rap, Rock","Korn, Nicola Fasano, Pat-Rich"
UNKNOWN,20250601,4155032,N/A,1748804199560,13,"Dance, Electronic, Heavy Metal, House, Music, Rock","Korn, deadmau5"
UNKNOWN,20250602,6147325,N/A,1748897698680,35,"Alternative, Ambient, Easy Listening, Electronic, Heavy Metal, Hip Hop/Rap, Meditation, Music, New Age, New Wave, Rap, Rock","Calm Sky, Depeche Mode, Feed Your Soul, Korn, Orchestral Manoeuvres In the Dark, Subtle Mind Expansion"
UNKNOWN,20250603,1345019,N/A,1748984849115,9,"Alternative, Electronic, Music, Pop","Amy Lee, Ava Max, Bebe Rexha, Depeche Mode, Halsey"
UNKNOWN,20250604,2647262,N/A,1749055885859,12,"Alternative, Electronic, Music","Depeche Mode"
UNKNOWN,20250605,4600394,N/A,1749162826439,21,"Alternative, Dance, Electronic, House, Music, Trance","Basto!, Crowd+Ctrl, Depeche Mode, Super8 & Tab"
UNKNOWN,20250606,3982170,N/A,1749228591100,19,"Alternative, Electronic, Music","Depeche Mode"
UNKNOWN,20250607,5033584,N/A,1749340752375,24,"Alternative, Dirty South, Electronic, Hardcore Rap, Hip Hop/Rap, Latin, Latin Rap, Latin Urban, Music, Pop, Rap","Depeche Mode, Lil Jon, Pitbull, Pretty Ricky"
UNKNOWN,20250608,17253669,N/A,1749427354004,88,"Alternative, Contemporary R&B, Dance, Dirty South, Electronic, Hardcore Rap, Hip Hop/Rap, Latin, Latin Rap, Latin Urban, Music, Pop, R&B/Soul, Rap, Rock, Soul","AFROJACK, Alicia Keys, Black Eyed Peas, Depeche Mode, Enrique Iglesias, Far East Movement, Flo Rida, IAmChino, Jax Jones, Laidback Luke, Lil Jon, MNEK, Maggie Lindemann, Ne-Yo, Nicola Fasano, Pat-Rich, Pitbull, Pretty Ricky, Rihanna, Steve Aoki, Taio Cruz, The Weeknd, Victor Cardenas, will.i.am"
UNKNOWN,20250609,13141235,N/A,1749501524275,55,"Alternative, Dance, Dirty South, Electronic, Hardcore Rap, Hip Hop/Rap, Music, Rap, Trance","Calvin Harris, DJ Katana, DJ Shorty, Depeche Mode, Doctor Noize Dj, Grateful Jesus, Intimation 666, Kritik, Lil Jon, Nathan Cosmo, Saratoga, Volker"
UNKNOWN,20250610,4793369,N/A,1749583151854,24,"Alternative, Dirty South, Electronic, Hardcore Rap, Hip Hop/Rap, Music, Pop, Rap","Depeche Mode, Lil Jon, Pitbull, will.i.am"
UNKNOWN,20250611,7046984,N/A,1749669069935,30,"Alternative, Electronic, Music","Depeche Mode"
UNKNOWN,20250612,6464677,N/A,1749746923785,33,"Alternative, Dance, Dirty South, Electronic, Hardcore Rap, Hip Hop/Rap, Music, Pop, Rap","2 Chainz, Bow Wow, Chris Brown, Dario G, Depeche Mode, Lil Jon, Ne-Yo, Pitbull, Sexyy Red, TKZee, Tiësto"
UNKNOWN,20250613,10344915,N/A,1749853812523,66,"Alternative, Dance, Dirty South, Electronic, Hardcore Rap, Hip Hop/Rap, House, Latin, Latin Rap, Music, Pop, R&B/Soul, Rap, Rock","AFROJACK, Bryn Christopher, Depeche Mode, FIFA SOUND, Far East Movement, Jax Jones, Joel Corry, Lil Jon, MNEK, Pitbull, SZA, Sigala, USHER"
UNKNOWN,20250614,7845111,N/A,1749926763486,47,"Alternative, Dance, Dirty South, East Coast Rap, Electronic, Electronica, Hardcore Rap, Hip Hop/Rap, Latin Rap, Modern Dancehall, Music, Pop, Rap, Reggae, Rock","Black Eyed Peas, Dario G, Depeche Mode, Kardinal Offishall, Lil Jon, Marshmello, PinkPantheress, Pitbull, TKZee, TRICKSTAR"
UNKNOWN,20250615,4539516,N/A,1750030867572,16,"Alternative, Electronic, Hip Hop/Rap, Music","Depeche Mode, Post Malone, The Cure"
UNKNOWN,20250617,542593,N/A,1750204639482,2,"Alternative, Music","The Cure"
UNKNOWN,20250618,6980937,N/A,1750265520790,20,"Alternative, Music","The Cure"
UNKNOWN,20250619,11064238,N/A,1750373146325,64,"Alternative, Dance, Dirty South, Hardcore Rap, Hip Hop/Rap, Latin, Latin Rap, Latin Urban, Music, Pop, Rap, Rock","Alex Guesta, Billie Eilish, Dario G, Flo Rida, Lil Jon, Nicola Fasano, Pitbull, Pretty Ricky, Sak Noel, Sensato, TKZee, Tate McRae, The Cure"
UNKNOWN,20250620,10455926,N/A,1750458381914,53,"Alternative, Contemporary R&B, Dance, Dirty South, Electronic, Fitness & Workout, Hardcore Rap, Healing, Hip Hop/Rap, Latin, Latin Rap, Music, New Age, Pop, R&B/Soul, Rap, Rock, Soul, World","Black Eyed Peas, Dario G, E-40, Flo Rida, Freaky Bass, Headache Relief Unit, Lil Jon, Pitbull, Pretty Ricky, Sean Paul, TKZee, Taio Cruz, The Cure, YoungBloodZ"
UNKNOWN,20250621,10564984,N/A,1750537795171,57,"Alternative, Dance, Dirty South, Fitness & Workout, Hardcore Rap, Hip Hop/Rap, Latin, Latin Rap, Music, Pop, Rap, Rock","Black Eyed Peas, Coone, Dimitri Vegas & Like Mike, Flo Rida, Lil Jon, Pitbull, Rihanna, The Cure"
UNKNOWN,20250622,5187069,N/A,1750624374001,18,"Alternative, Dance, Music","Lil Jon, The Cure"
UNKNOWN,20250623,7031747,N/A,1750717397296,50,"Contemporary R&B, Dance, Dirty South, Disco, Electronic, Fitness & Workout, Gangsta Rap, Hardcore Rap, Hip Hop/Rap, House, Latin, Latin Rap, Music, Pop, R&B/Soul, Rap, Rock","Alvaro, Chris Lake, DJ Class, Far East Movement, Flo Rida, JETFIRE, Lil Jon, Lil Jon & The East Side Boyz, Pastor Troy, Pitbull, R3HAB, Sidney Samson, Steve Aoki, Swanky Tunes, Tujamo, Tyrese, Ying Yang Twins"
UNKNOWN,20250624,190908,N/A,1750730321177,1,"Hip Hop/Rap, Music, Pop","Don Toliver"
UNKNOWN,20250625,4871673,N/A,1750870704495,15,"Alternative, Music","The Cure"
UNKNOWN,20250626,3594610,N/A,1750956561897,12,"Alternative, Dance, Music","Jax Jones, MNEK, The Cure"
UNKNOWN,20250627,7759065,N/A,1751062442340,34,"Alternative, Dirty South, Hardcore Rap, Hip Hop/Rap, Music, Rap","Chyna Whyte, Lil Jon, Lil Jon & The East Side Boyz, Pastor Troy, The Cure, Too $hort, Ying Yang Twins"
UNKNOWN,20250628,5116405,N/A,1751138076586,19,"Alternative, Dirty South, Hardcore Rap, Healing, Hip Hop/Rap, Music, New Age, Rap","Headache Relief Unit, Lil Jon, The Cure"
UNKNOWN,20250629,5781394,N/A,1751229966424,30,"Alternative, Dirty South, Hardcore Rap, Hip Hop/Rap, Music, Rap","LINKIN PARK, Lil Jon, The Cure"
UNKNOWN,20250701,3038279,N/A,1751387613508,16,"Alternative, Music","LINKIN PARK"
UNKNOWN,20250702,6791621,N/A,1751484108079,40,"Alternative, Dance, Dirty South, Hardcore Rap, Hip Hop/Rap, Music, Rap","Alex Guesta, LINKIN PARK, Lil Jon, Lil Jon & The East Side Boyz, Nicola Fasano, Pastor Troy"
UNKNOWN,20250703,3290397,N/A,1751582335361,29,"Alternative Rap, Dance, Dirty South, Disco, Electronic, Hardcore Rap, Hip Hop/Rap, Latin, Latin Rap, Music, Pop, R&B/Soul, Rap, Rock","8Ball, Black Eyed Peas, Bun B, Calvin Harris, E-40, Lil Jon, Lil Jon & The East Side Boyz, Pastor Troy, Petey Pablo, Pitbull, Sean Paul, Sidney Samson, YoungBloodZ, Zac Brown"
UNKNOWN,20250704,2687803,N/A,1751651353224,23,"Bass, Dance, Dirty South, Electronic, Hardcore Rap, Hip Hop/Rap, Hip-Hop, Latin, Latin Urban, Music, Pop","Calvin Harris, Cedric Gervais, Clementine Douglas, Don Toliver, Hardwell, Lana Del Rey, Lil Jon, Marnik, Pastor Troy, Pitbull, Sexyy Red, Steve Aoki, The Lid, Tiësto, W&W"
UNKNOWN,20250705,3793436,N/A,1751753129987,22,"Alternative, Dance, Dirty South, Electronic, Hardcore Rap, Hip Hop/Rap, Music, Rap","E-40, LINKIN PARK, Lil Jon, Pastor Troy, Sean Paul, YoungBloodZ"
UNKNOWN,20250706,4667036,N/A,1751834045087,26,"Alternative, Music","LINKIN PARK"
UNKNOWN,20250707,203304,N/A,1751930949335,2,"Dance, Hip Hop/Rap, Music",Drake
UNKNOWN,20250709,3329957,N/A,1752088092767,21,"Alternative, Dance, Dirty South, Disco, Hardcore Rap, Hip Hop/Rap, Music, R&B/Soul, Rap","Calvin Harris, Lil Jon, Lil Jon & The East Side Boyz, Lola Young, Pastor Troy, Sidney Samson"
UNKNOWN,20250710,9114006,N/A,1752186777824,51,"Alternative, Alternative Rap, Dance, Dirty South, Electronic, Hardcore Rap, Hip Hop/Rap, Latin Rap, Music, Pop, R&B/Soul, Rap, Rock","Black Eyed Peas, Jeremih, LINKIN PARK, Lil Jon, Lil Jon & The East Side Boyz, Pastor Troy, Pitbull, Tiësto, Ying Yang Twins"
UNKNOWN,20250711,1228932,N/A,1752267425575,9,"Alternative, Dance, Music","LINKIN PARK, Mathame, Tiësto"
UNKNOWN,20250712,6417324,N/A,1752347418835,26,"Alternative, Dance, Dirty South, Hardcore Rap, Hip Hop/Rap, Music, Pop, Rap","Lil Jon, Lil Jon & The East Side Boyz, Lola Young, Pitbull, The Cure, Tiësto, Ying Yang Twins"
UNKNOWN,20250713,2271556,N/A,1752450984319,14,"Alternative, Dance, Electronic, Hip Hop/Rap, Music, Pop","Lady Gaga, The Cure, Toosii, deadmau5"
UNKNOWN,20250714,8844256,N/A,1752540870725,24,"Alternative, Music","The Cure"
UNKNOWN,20250715,1523266,N/A,1752583821041,5,"Alternative, Music","The Cure"
UNKNOWN,20250716,2680241,N/A,1752687823643,8,"Alternative, Dance, Electronic, Music","The Cure, deadmau5"
UNKNOWN,20250717,3040569,N/A,1752770634960,10,"Alternative, Music","The Cure"
UNKNOWN,20250718,2880276,N/A,1752858464064,13,"Alternative, Music","LINKIN PARK, The Cure"
UNKNOWN,20250719,2992114,N/A,1752947215660,18,"Alternative, Music","LINKIN PARK"
UNKNOWN,20250720,4731544,N/A,1753039556200,31,"Alternative, Dance, Music, Pop","Ariana Grande, Drake, LINKIN PARK, Sexyy Red, Tiësto"
UNKNOWN,20250721,2689659,N/A,1753118024578,24,"Dance, Hip Hop/Rap, Music, Pop, R&B/Soul","AVAION, Addison Rae, Calvin Harris, Clementine Douglas, Drake, Ellie Goulding, FIFA SOUND, Gracie Abrams, Khalid, Marshmello, Rihanna, SZA"
UNKNOWN,20250722,1202755,N/A,1753196540310,6,"Alternative, Electronic, Music","Depeche Mode, LINKIN PARK"
UNKNOWN,20250723,1403541,N/A,1753292771802,8,"Alternative, Electronic, Hip Hop/Rap, Music, Pop","Depeche Mode, Jack Harlow, Lizzo"
UNKNOWN,20250724,2742879,N/A,1753375878220,19,"Alternative, Dance, Electronic, Music, Pop","David Guetta, Depeche Mode, Emei, Halsey, Jax Jones, LISA, Lady Gaga, Maroon 5, Sia"
UNKNOWN,20250725,1917178,N/A,1753472019341,14,"Alternative, Country, Electronic, Hip Hop/Rap, Music, Pop","Dasha, Depeche Mode, Juice WRLD, ROSÉ, XXXTENTACION"
UNKNOWN,20250726,34947,N/A,1753492415360,1,"Hip Hop/Rap, Music","Juice WRLD, XXXTENTACION"
UNKNOWN,20250727,59058,N/A,1753620810522,1,N/A,N/A
UNKNOWN,20250731,1325313,N/A,1753926127552,7,"Alternative, Music","Tears for Fears"
UNKNOWN,20250801,1153925,N/A,1754091833394,4,"Alternative, Hip Hop/Rap, Music","Rico Nasty, The Cure"
UNKNOWN,20250802,1438082,N/A,1754098804086,5,"Alternative, Music","The Cure"
EDITORIAL_RADIO_STATION,20240802,3716000,N/A,1722623115955,16,"Adult Alternative, Adult Contemporary, Alternative, Arena Rock, College Rock, Dance, Glam Rock, Hard Rock, Hip Hop/Rap, Music, New Wave, Pop, Pop/Rock, Prog-Rock/Art Rock, R&B/Soul, Rock, Rock & Roll, Soft Rock, Soul, Soundtrack, Teen Pop","Bill Medley, Bonnie Tyler, Bow Wow Wow, Bruce Springsteen, David Bowie, Eurythmics, George Michael, Jennifer Warnes, Madonna, Matthew Wilder, Peter Gabriel, Pretenders, Rick Springfield, Run-DMC, Tiffany, Tina Turner, Van Halen"
EDITORIAL_RADIO_STATION,20240803,4468000,N/A,1722695066451,19,"Adult Contemporary, Alternative, American Trad Rock, Arena Rock, Blues, British Invasion, Contemporary Bluegrass, Contemporary Country, Country, Country Blues, Disco, Electronic, Hair Metal, Hard Rock, Heavy Metal, Hip Hop/Rap, Hip-Hop, Honky Tonk, Music, New Wave, Old School Rap, Pop, Pop/Rock, Psychedelic, R&B/Soul, Rap, Rock, Rock & Roll, Roots Rock, Soft Rock, Soul, Traditional Country, West Coast Rap","Alice Cooper, Billy Idol, Blondie, Bruce Springsteen, Bryan Adams, Corey Hart, Dolly Parton, Frankie Goes to Hollywood, Huey Lewis and the News, J.J. Fad, John Cougar, Madonna, Missing Persons, Mr. Mister, Phil Collins, Queen, Steve Winwood, Thomas Dolby, Toto"
EDITORIAL_RADIO_STATION,20240804,4406000,N/A,1722790777074,19,"Adult Alternative, Adult Contemporary, Alternative, Arena Rock, College Rock, Contemporary Bluegrass, Contemporary Country, Contemporary R&B, Country, Dance, Electronic, Hard Rock, Honky Tonk, Jazz, Music, New Wave, Pop, Pop/Rock, Punk, R&B/Soul, Rock, Rock & Roll, Singer/Songwriter, Soft Rock, Soundtrack, Traditional Country, Vocal Jazz","Billy Joel, Biz Markie, Bobby McFerrin, Cyndi Lauper, DEVO, Dire Straits, Dolly Parton, Duran Duran, Falco, Kenny Rogers, Madonna, Michael Jackson, Paula Abdul, Phil Collins, REO Speedwagon, Rush, Simple Minds, Tears for Fears, The Bangles, The Outfield"
EDITORIAL_RADIO_STATION,20240805,955000,N/A,1722894317308,4,"Adult Alternative, Alternative, Arena Rock, College Rock, Hair Metal, Hard Rock, Heavy Metal, Music, Pop, Pop/Rock, Rock","Aerosmith, Billy Idol, Janet Jackson, U2"
EDITORIAL_RADIO_STATION,20240806,2970000,N/A,1722988708804,13,"Adult Contemporary, Alternative, Arena Rock, Blues, Blues-Rock, Contemporary R&B, Country Blues, Dance, Disco, Hard Rock, Heavy Metal, Motown, Music, New Wave, Pop, Pop/Rock, Quiet Storm, R&B/Soul, Reggae, Rock, Soft Rock, Soul, Soundtrack","Bruce Springsteen, Cyndi Lauper, Diana Ross, Fleetwood Mac, Foreigner, Los Lobos, Olivia Newton-John, Ozzy Osbourne, Starship, The Cars, UB40, Wham!, a-ha"
EDITORIAL_RADIO_STATION,20240807,7100000,N/A,1723043421355,30,"Adult Alternative, Adult Contemporary, Alternative, Arena Rock, Blues, British Invasion, Britpop, College Rock, Contemporary R&B, Country, Country Blues, Dance, Electronic, Hair Metal, Hard Rock, Heavy Metal, Hip Hop/Rap, Music, New Wave, Pop, Pop/Rock, Psychedelic, Quiet Storm, R&B/Soul, Rock, Rock & Roll, Soft Rock, Soul, Soundtrack, Teen Pop","Bad English, Berlin, Blondie, Bruce Springsteen, Daryl Hall & John Oates, Debbie Gibson, Duran Duran, George Thorogood & The Destroyers, Guns N' Roses, Kenny Loggins, Kim Carnes, Madonna, Men Without Hats, New Kids On the Block, New Order, Phil Collins, Prince, Rick Astley, Robert Palmer, Slick Rick, Soft Cell, Steve Winwood, Survivor, Tears for Fears, The Bangles, The Human League, The Police, Van Halen, Whitesnake, Whitney Houston"
EDITORIAL_RADIO_STATION,20240808,1494000,N/A,1723137163853,7,"Adult Contemporary, Alternative, Arena Rock, Dance, Hair Metal, Hard Rock, Heavy Metal, Music, New Wave, Pop, Pop/Rock, R&B/Soul, Rock, Singer/Songwriter, Soft Rock","Billy Joel, Bobby Brown, George Michael, Mötley Crüe, Spandau Ballet, The J. Geils Band, Whitney Houston"
EDITORIAL_RADIO_STATION,20240809,10834000,N/A,1723239829832,42,"Adult Alternative, Adult Contemporary, Alternative, Alternative Rap, Arena Rock, College Rock, Contemporary Bluegrass, Contemporary Country, Contemporary R&B, Country, Dance, Death Metal/Black Metal, Goth Rock, Hair Metal, Hard Rock, Hardcore Rap, Heavy Metal, Hip Hop/Rap, Hip-Hop, Honky Tonk, Music, New Wave, Pop, Pop/Rock, Psychedelic, Quiet Storm, R&B/Soul, Rap, Reggae, Rock, Ska, Soft Rock, Soundtrack, Soundtrack, Teen Pop, Traditional Country, World","'Til Tuesday, Aretha Franklin, Bananarama, Beastie Boys, Big Daddy Kane, Blondie, Bon Jovi, Bonnie Tyler, Bryan Adams, Corey Hart, Cyndi Lauper, Dolly Parton, Duran Duran, Echo & The Bunnymen, Europe, Eurythmics, Fine Young Cannibals, George Michael, Gloria Estefan, Gloria Estefan & Miami Sound Machine, Huey Lewis and the News, Kool & The Gang, Madonna, Michael Jackson, Michael Sembello, Pat Benatar, Phil Collins, Prince, Prince & The Revolution, Ray Parker Jr., Rick Springfield, Scorpions, Simple Minds, Stevie Nicks, Tears for Fears, The Bangles, The Cult, The Police, Tiffany, Whitney Houston, a-ha"
EDITORIAL_RADIO_STATION,20240810,1534000,N/A,1723302802344,7,"Adult Contemporary, American Trad Rock, Arena Rock, Hard Rock, Music, Pop, Pop/Rock, R&B/Soul, Rock, Roots Rock, Soft Rock, Surf","Belinda Carlisle, Def Leppard, Frankie Goes to Hollywood, John Cougar, Prince & The Revolution, The Beach Boys, Toto"
EDITORIAL_RADIO_STATION,20240811,4240000,N/A,1723381093135,18,"Adult Alternative, Adult Contemporary, Alternative, Arena Rock, College Rock, Contemporary R&B, Dance, Electronic, Hip Hop/Rap, Music, New Wave, Pop, Pop/Rock, Quiet Storm, R&B/Soul, Reggae, Rock, Soft Rock, Soul","Billy Joel, Bruce Springsteen, Cyndi Lauper, Daryl Hall & John Oates, Duran Duran, Eddie Money, Harold Faltermeyer, Janet Jackson, Pet Shop Boys, Robert Palmer, Starship, Survivor, Talking Heads, The Outfield, Tone-Lōc, UB40, Wham!, Whitney Houston"
EDITORIAL_RADIO_STATION,20240814,8098000,N/A,1723675237652,33,"Adult Alternative, Adult Contemporary, Alternative, Arena Rock, Britpop, College Rock, Contemporary R&B, Dance, Disco, East Coast Rap, Electronic, Funk, Hard Rock, Heavy Metal, Hip Hop/Rap, Motown, Music, New Wave, Pop, Pop/Rock, Quiet Storm, R&B/Soul, Rap, Rock, Rock & Roll, Soft Rock, Soul, Soundtrack, Vocal, Vocal Pop","Berlin, Billy Ocean, Blondie, Bruce Springsteen, Daryl Hall & John Oates, Dexys Midnight Runners, Diana Ross, Dire Straits, George Michael, Guns N' Roses, Heart, Joan Jett & The Blackhearts, Madonna, Michael Jackson, Olivia Newton-John, Paula Abdul, Phil Collins, Prince & The Revolution, R.E.M., Rick Astley, Rockwell, Run-DMC, Simply Red, Spandau Ballet, Stetsasonic, Steve Miller Band, The Bangles, The Human League, The Police, Van Halen, When In Rome"
EDITORIAL_RADIO_STATION,20240815,5427000,N/A,1723742387934,23,"Adult Alternative, Adult Contemporary, Alternative, Arena Rock, Britpop, College Rock, Contemporary R&B, Country, Dance, Disco, Europe, Glam Rock, Hair Metal, Hard Rock, Heavy Metal, Music, New Wave, Pop, Pop/Rock, Prog-Rock/Art Rock, Quiet Storm, R&B/Soul, Rock, Soft Rock, Soul, Soundtrack, Soundtrack, Teen Pop, World","Aretha Franklin, Bon Jovi, Cutting Crew, Cyndi Lauper, David Bowie, Def Leppard, Eurythmics, George Michael, Heart, Huey Lewis and the News, Janet Jackson, Kim Carnes, Lipps, Inc., Michael Jackson, New Kids On the Block, Poison, Prince, Prince & The Revolution, Rick Springfield, Roxette, Simple Minds, Thompson Twins, U2, Whitney Houston"
EDITORIAL_RADIO_STATION,20240816,3293000,N/A,1723827045050,13,"Adult Alternative, Adult Contemporary, Alternative, Arena Rock, Blues, Blues-Rock, British Invasion, College Rock, Country Blues, Goth Rock, Hard Rock, Hip Hop/Rap, Music, Pop, Pop/Rock, Psychedelic, R&B/Soul, Rock, Rock & Roll, Soft Rock, Soul","Blondie, Bonnie Tyler, Bryan Adams, Fleetwood Mac, Madonna, Pat Benatar, Pink Floyd, Queen, Rob Base & DJ EZ Rock, Steve Winwood, Tears for Fears, The Cure, ZZ Top"
EDITORIAL_RADIO_STATION,20240817,2744000,N/A,1723934598050,12,"Adult Contemporary, Alternative, Arena Rock, College Rock, Contemporary Bluegrass, Contemporary Country, Country, Disco, Hair Metal, Hard Rock, Heavy Metal, Honky Tonk, Music, New Wave, Pop, Pop/Rock, Prog-Rock/Art Rock, Psychedelic, R&B/Soul, Rock, Soul, Traditional Country","Blondie, Bon Jovi, Dolly Parton, Frankie Goes to Hollywood, Guns N' Roses, Matthew Wilder, Pet Shop Boys, Phil Collins, Quiet Riot, The Bangles, Tina Turner, Yes"
EDITORIAL_RADIO_STATION,20240819,1141000,N/A,1724070145115,5,"Adult Contemporary, Alternative, Arena Rock, Contemporary Bluegrass, Contemporary Country, Country, Dance, Hair Metal, Hard Rock, Heavy Metal, Honky Tonk, Jazz, Music, New Wave, Pop, Pop/Rock, Rock, Traditional Country, Vocal Jazz","Alice Cooper, Bobby McFerrin, Cyndi Lauper, Dolly Parton, Kenny Rogers, Wham!"
EDITORIAL_RADIO_STATION,20240820,3339000,N/A,1724167935764,13,"Adult Contemporary, Alternative, Arena Rock, College Rock, Dance, Hard Rock, Music, New Wave, Pop, Pop/Rock, Reggae, Rock, Rock & Roll, Singer/Songwriter, Ska, Soft Rock, Soundtrack","Bananarama, Bill Medley, Billy Joel, Christopher Cross, Cyndi Lauper, Duran Duran, Jennifer Warnes, Madness, Madonna, Peter Gabriel, Phil Collins, Survivor, The Police, The Rolling Stones"
EDITORIAL_RADIO_STATION,20240821,2024000,N/A,1724273448494,10,"Arena Rock, Australia, Dance, Hard Rock, Heavy Metal, Music, Pop, Pop/Rock, Rock, Soundtrack, Teen Pop, World","AC/DC, Blondie, Bobby Brown, Bruce Springsteen, Debbie Gibson, INXS, Kenny Loggins, Phil Collins, The Police, Van Halen"
EDITORIAL_RADIO_STATION,20240823,2024000,N/A,1724418555442,8,"Adult Contemporary, Alternative, Arena Rock, Britpop, Dance, Hair Metal, Hard Rock, Heavy Metal, Music, New Wave, Pop, Pop/Rock, R&B/Soul, Rock, Soundtrack","Bon Jovi, Duran Duran, Fine Young Cannibals, Foreigner, Kate Bush, Kool & The Gang, The Human League, Whitney Houston"
EDITORIAL_RADIO_STATION,20240830,862000,N/A,1725023412763,4,"Adult Contemporary, Arena Rock, Dance, Music, Pop, Pop/Rock, R&B/Soul, Rock, Soft Rock","Eddie Money, George Michael, Rick Astley, Toto"
EDITORIAL_RADIO_STATION,20240831,1382000,N/A,1725130708444,5,"Adult Contemporary, Arena Rock, Blues, British Invasion, Country Blues, Hard Rock, Music, Pop, Pop/Rock, Psychedelic, R&B/Soul, Rock, Rock & Roll, Soft Rock, Soul","Daryl Hall & John Oates, Janet Jackson, Robert Palmer, Steve Winwood, Van Halen"
EDITORIAL_RADIO_STATION,20240901,8671000,N/A,1725227367284,36,"Adult Alternative, Adult Contemporary, Alternative, American Trad Rock, Arena Rock, College Rock, Country, Dance, Death Metal/Black Metal, Electronic, Hair Metal, Hard Rock, Heavy Metal, Hip Hop/Rap, Hip-Hop, Music, New Wave, Old School Rap, Pop, Pop/Rock, R&B/Soul, Rap, Reggae, Rock, Roots Rock, Soft Rock, Soul, Soundtrack, Soundtrack, Surf, Teen Pop","Berlin, Billy Joel, Bon Jovi, Bruce Hornsby & The Range, Bruce Springsteen, Corey Hart, Crowded House, Daryl Hall & John Oates, Dexys Midnight Runners, Europe, Eurythmics, George Michael, George Thorogood & The Destroyers, Grandmaster Flash & The Furious Five, Heart, Huey Lewis and the News, John Cougar, Kim Carnes, Madonna, Pet Shop Boys, Prince & The Revolution, Rick Springfield, Simple Minds, Starship, The Bangles, The Beach Boys, The J. Geils Band, The Outfield, Tiffany, U2, UB40, Wang Chung, Whitney Houston, Yello, a-ha"
EDITORIAL_RADIO_STATION,20240902,2149000,N/A,1725302723623,8,"Adult Contemporary, Alternative, Contemporary R&B, Dance, Disco, Electronic, Hard Rock, Motown, Music, New Wave, Pop, Pop/Rock, Quiet Storm, R&B/Soul, Rock, Soul","A Flock of Seagulls, Billy Ocean, Daryl Hall & John Oates, Def Leppard, Diana Ross, Frankie Goes to Hollywood, Paula Abdul, Whitney Houston"
EDITORIAL_RADIO_STATION,20240903,1624000,N/A,1725400749852,7,"Adult Contemporary, Alternative, Arena Rock, Hard Rock, Music, New Wave, Pop, Pop/Rock, R&B/Soul, Rock, Rock & Roll","Culture Club, Cutting Crew, Dire Straits, Janet Jackson, Mr. Mister, Prince & The Revolution, Tears for Fears"
EDITORIAL_RADIO_STATION,20250109,8231000,N/A,1736460832964,28,"Adult Contemporary, Arena Rock, Baroque Era, Chamber Music, Classical, Classical Era, Dance, Electronic, Guitar, Hair Metal, Hard Rock, Heavy Metal, Latin, Latin Urban, Modern Era, Music, Orchestral, Piano, Pop, Pop in Spanish, Pop/Rock, R&B/Soul, Rock, Romantic Era, Solo Instrumental, Soul, World","Academy of St Martin in the Fields, Arcangelo, Bad Bunny, Belcea Quartet, Blondie, Camilo, Christian-Pierre La Marca, Enrique Iglesias, Ensemble Masques, Fazıl Say, Feid, Franz Halász, Gloria Estefan, Gloria Estefan & Miami Sound Machine, J Balvin, Jean-Guihen Queyras, Jonathan Cohen, Kathryn Stott, Kenny Loggins, Leif Ove Andsnes, Mahler Chamber Orchestra, Nino Gvetadze, Nobuyuki Tsujii, Oliver Zeffman, Olivier Fortin, Phil Collins, Prince & The Revolution, Quiet Riot, ROSALÍA, Robert Palmer, Starship, TSHA, Tabea Zimmermann, Vilde Frang, Víkingur Ólafsson, Yo-Yo Ma, a-ha"
EDITORIAL_RADIO_STATION,20250110,1265000,N/A,1736518995230,6,"Adult Contemporary, Arena Rock, Dance, Electronic, Hair Metal, Hard Rock, Heavy Metal, Music, Pop, Pop/Rock, R&B/Soul, Rock, Soft Rock, Surf","Janet Jackson, Madonna, Paula Abdul, Scorpions, The Beach Boys, The Police"
EDITORIAL_RADIO_STATION,20250111,684000,N/A,1736624168366,3,"Adult Contemporary, Arena Rock, Dance, Music, Pop, Pop/Rock, Prog-Rock/Art Rock, Psychedelic, Rock, Soft Rock","George Michael, Michael Jackson, Yes"
EDITORIAL_RADIO_STATION,20250112,2988000,N/A,1736709101917,13,"Adult Alternative, Adult Contemporary, Alternative, Arena Rock, College Rock, Contemporary R&B, Dance, Disco, Funk, Hard Rock, Motown, Music, New Wave, Pop, Pop/Rock, Quiet Storm, R&B/Soul, Rock, Soft Rock, Soul","Billy Idol, Billy Joel, Cyndi Lauper, Daryl Hall & John Oates, Diana Ross, Fine Young Cannibals, Michael Jackson, Olivia Newton-John, Rick Springfield, Stevie Nicks, Talking Heads, Tom Petty, Whitney Houston"
EDITORIAL_RADIO_STATION,20250113,2612000,N/A,1736773692535,12,"Adult Alternative, Adult Contemporary, Alternative, Arena Rock, Blues, Blues-Rock, Country, Country Blues, Dance, Electronic, Hard Rock, Music, New Wave, Pop, Pop/Rock, Rock, Rock & Roll, Soft Rock, Soundtrack","Corey Hart, Dire Straits, Doug E. Fresh, Eurythmics, Fleetwood Mac, Joan Jett & The Blackhearts, Kim Carnes, Los Lobos, Men At Work, Michael Jackson, Richard Marx, Slick Rick, Yaz"
EDITORIAL_RADIO_STATION,20250114,2087000,N/A,1736864364772,9,"Adult Alternative, Adult Contemporary, Alternative, College Rock, Goth Rock, Hard Rock, Music, New Wave, Pop, Pop/Rock, R&B/Soul, Reggae, Rock, Ska, Soft Rock","Bananarama, Chicago, Frankie Goes to Hollywood, Modern English, Prince & The Revolution, The Cult, The Outfield, The Police, Van Halen"
EDITORIAL_RADIO_STATION,20250115,1956000,N/A,1736951345423,8,"Adult Contemporary, Alternative, Arena Rock, Hard Rock, Music, New Wave, Pop, Pop/Rock, Reggae, Rock, Soft Rock, Soundtrack, Vocal, Vocal Pop","Cyndi Lauper, Heart, Phil Collins, REO Speedwagon, Simple Minds, Steve Miller Band, UB40, When In Rome"
EDITORIAL_RADIO_STATION,20250117,791000,N/A,1737151635609,5,"Adult Alternative, Alternative, Arena Rock, Cello, Chamber Music, Christian & Gospel, Classical, College Rock, Dance, Music, Piano, Pop, Pop/Rock, Rock, Romantic Era","Becky Hill, Cecily, Chase & Status, Christian Poltéra, Eddie Money, Kathryn Stott, U2"
EDITORIAL_RADIO_STATION,20250118,3146000,N/A,1737223522675,13,"Adult Alternative, Alternative, College Rock, Contemporary Bluegrass, Contemporary Country, Country, Dance, East Coast Rap, Hip Hop/Rap, Honky Tonk, Music, New Wave, Pop, Pop/Rock, Punk, R&B/Soul, Rap, Rock, Traditional Country","Blondie, Bryan Adams, Cutting Crew, DEVO, Dolly Parton, Duran Duran, Huey Lewis and the News, Madonna, Phil Collins, Rick Astley, Rockwell, Spandau Ballet, Stetsasonic"
EDITORIAL_RADIO_STATION,20250119,1565000,N/A,1737299652856,7,"Adult Contemporary, Alternative, Arena Rock, Dance, Hair Metal, Hard Rock, Heavy Metal, Music, Pop, Pop/Rock, Rock, Soundtrack, Teen Pop","Bill Medley, Bon Jovi, Bruce Hornsby & The Range, Cyndi Lauper, Jennifer Warnes, Phil Collins, The J. Geils Band, Tiffany"
EDITORIAL_RADIO_STATION,20250120,1005000,N/A,1737403157958,5,"Adult Contemporary, Arena Rock, Dance, Electronic, Hair Metal, Hard Rock, Heavy Metal, Music, Pop, Pop/Rock, R&B/Soul, Rock","Bon Jovi, Bonnie Tyler, Huey Lewis and the News, Madonna, Paula Abdul"
EDITORIAL_RADIO_STATION,20250121,5951000,N/A,1737494159396,26,"Adult Alternative, Adult Contemporary, Alternative, American Trad Rock, Arena Rock, Australia, Christian & Gospel, Contemporary R&B, Dance, Glam Rock, Hard Rock, Heavy Metal, Hip Hop/Rap, Jazz, Music, New Wave, Pop, Pop/Rock, Prog-Rock/Art Rock, Quiet Storm, R&B/Soul, Rock, Roots Rock, Singer/Songwriter, Soft Rock, Soul, Soundtrack, Teen Pop, Vocal Jazz, World","AC/DC, Aretha Franklin, Billy Ocean, Blondie, Bobby Brown, Bobby McFerrin, Bruce Springsteen, Christopher Cross, Daryl Hall & John Oates, David Bowie, Dexys Midnight Runners, George Michael, George Thorogood & The Destroyers, Jess Ray, John Cougar, Madonna, Matthew Wilder, New Kids On the Block, Phil Collins, Public Enemy, Tears for Fears, The Cars, The Police, Toto, We The Kingdom, Whitney Houston, a-ha"
EDITORIAL_RADIO_STATION,20250123,2049000,N/A,1737661645312,9,"Adult Alternative, Adult Contemporary, Alternative, Britpop, College Rock, Dance, East Coast Rap, Electronic, Hip Hop/Rap, Hip-Hop, Music, New Wave, Old School Rap, Pop, Pop/Rock, R&B/Soul, Rap, Rock, Soft Rock, Soul, Vocal, Vocal Pop","Beastie Boys, Daryl Hall & John Oates, Eric B. & Rakim, George Michael, R.E.M., Simply Red, Taylor Dayne, The Alan Parsons Project, The Human League"
EDITORIAL_RADIO_STATION,20250125,14619000,N/A,1737826908280,58,"Adult Alternative, Adult Contemporary, Alternative, Arena Rock, Blues, British Invasion, College Rock, Contemporary R&B, Country Blues, Dance, Disco, East Coast Rap, Electronic, Funk, Hair Metal, Hard Rock, Hardcore Rap, Heavy Metal, Hip Hop/Rap, Hip-Hop, Motown, Music, New Wave, Old School Rap, Pop, Pop/Rock, Psychedelic, Punk, Quiet Storm, R&B/Soul, Rap, Rock, Rock & Roll, Soft Rock, Soul, Soundtrack, Soundtrack, Surf, Techno, Teen Pop","Afrika Bambaataa, After the Fire, Baltimora, Beastie Boys, Berlin, Big Daddy Kane, Blondie, Bon Jovi, Bruce Springsteen, Cyndi Lauper, Daryl Hall & John Oates, Debbie Gibson, Diana Ross, Duran Duran, Foreigner, Frankie Goes to Hollywood, George Michael, Guns N' Roses, Harold Faltermeyer, Heart, Heavy D & The Boyz, INXS, Janet Jackson, John Lennon, Kate Bush, LL COOL J, Men At Work, Michael Jackson, Mike + The Mechanics, Missing Persons, Pat Benatar, Paul Simon, Paul Young, Pet Shop Boys, Phil Collins, Pretenders, Prince, Prince & The Revolution, Rick Springfield, Robert Palmer, Run-DMC, Simple Minds, Slick Rick, Soft Cell, Stacey Q, Starship, Steve Winwood, Survivor, The Bangles, The Beach Boys, The Buggles, The Jam, The Soulsonic Force, Twisted Sister, U2, Van Halen, Violent Femmes"
EDITORIAL_RADIO_STATION,20250126,2639000,N/A,1737935457831,11,"Adult Alternative, Adult Contemporary, Alternative, Arena Rock, Dance, Electronic, Hard Rock, Hip Hop/Rap, Hip-Hop, Music, New Wave, Old School Rap, Pop, Pop/Rock, R&B/Soul, Rap, Rock, Soul","Billy Idol, Bow Wow Wow, DJ Jazzy Jeff & The Fresh Prince, Eurythmics, Fine Young Cannibals, Grandmaster Flash & The Furious Five, Prince & The Revolution, Rick Astley, Tina Turner, Toni Basil, Whitney Houston"
EDITORIAL_RADIO_STATION,20250128,39000,N/A,1738065659162,1,"Classical, Classical Crossover, Music","Boston Symphony Orchestra, Itzhak Perlman, Seiji Ozawa, Yo-Yo Ma"
EDITORIAL_RADIO_STATION,20250129,503000,N/A,1738187420679,3,"Hip Hop/Rap, Music, Rock","Crowded House, Huey Lewis and the News, N.W.A"
EDITORIAL_RADIO_STATION,20250131,1629000,N/A,1738333327770,7,"Adult Contemporary, Alternative, Arena Rock, Dance, Hip Hop/Rap, Music, New Wave, Pop, Pop/Rock, Rock, Soft Rock","Bananarama, Bryan Adams, Culture Club, Irene Cara, John Waite, Madonna, Whodini"
EDITORIAL_RADIO_STATION,20250202,2933000,N/A,1738534597998,13,"Adult Alternative, Adult Contemporary, Alternative, Arena Rock, College Rock, Hip Hop/Rap, Music, New Wave, Pop, Pop/Rock, R&B/Soul, Reggae, Rock, Ska, Soft Rock","Belinda Carlisle, Blondie, Bryan Adams, Genesis, Madness, Modern English, Prince, Rob Base & DJ EZ Rock, Stevie Nicks, Tears for Fears, Thomas Dolby, Tone-Lōc, Whitney Houston"
EDITORIAL_RADIO_STATION,20250203,2060000,N/A,1738592315621,10,"Adult Alternative, Adult Contemporary, Alternative Rap, Arena Rock, Dance, Disco, Hair Metal, Hard Rock, Heavy Metal, Hip Hop/Rap, Hip-Hop, Music, Pop, Pop/Rock, R&B/Soul, Rap, Reggae, Rock, Soundtrack","Beastie Boys, Biz Markie, Lipps, Inc., Richard Marx, Scorpions, Tears for Fears, The J. Geils Band, The Police, UB40, Whitney Houston"
EDITORIAL_RADIO_STATION,20250204,80000,N/A,1738670482180,1,"Classical, Music","Quatuor Ébène"
EDITORIAL_RADIO_STATION,20250208,2624000,N/A,1739059175336,12,"Adult Contemporary, Alternative, Britpop, Dance, East Coast Rap, Electronic, Europe, Hip Hop/Rap, Hip-Hop, Latin, Latin Urban, Music, New Wave, Old School Rap, Pop, Pop/Rock, R&B/Soul, Rap, Rock, World","A Flock of Seagulls, Bad Bunny, Boza, ELENA ROSE, Grandmaster Flash, JHAYCO, Madonna, Melle Mel, Michael Jackson, Olivia Newton-John, Pet Shop Boys, Roxette, Soft Cell, The Human League, Yello"
EDITORIAL_RADIO_STATION,20250209,2332000,N/A,1739145057542,12,"Adult Alternative, Adult Contemporary, Alternative, Arena Rock, College Rock, Dance, Electronic, Goth Rock, Hair Metal, Hard Rock, Heavy Metal, Hip Hop/Rap, Hip-Hop, Music, New Wave, Old School Rap, Pop, Pop/Rock, R&B/Soul, Rap, Rock, Rock & Roll, West Coast Rap","Aretha Franklin, Billy Idol, Dire Straits, George Michael, J.J. Fad, Matthew Wilder, Paul Simon, Pink Floyd, Quiet Riot, Run-DMC, Taylor Dayne, The Cure, a-ha"
EDITORIAL_RADIO_STATION,20250210,2807000,N/A,1739197871991,11,"Adult Contemporary, Alternative, Arena Rock, Blues, British Invasion, Classical, Contemporary R&B, Country Blues, Dance, East Coast Rap, Electronic, Hip Hop/Rap, Hip-Hop, Music, New Wave, Old School Rap, Pop, Pop/Rock, Psychedelic, R&B/Soul, Rap, Rock, Rock & Roll, Soft Rock, Soul, Soundtrack","Beastie Boys, Daryl Hall & John Oates, Doug E. Fresh, Falco, Leif Ove Andsnes, Michael Jackson, Norwegian Chamber Orchestra, Pet Shop Boys, Slick Rick, Steve Winwood, Toto, ZZ Top"
EDITORIAL_RADIO_STATION,20250213,3040000,N/A,1739479719878,13,"Adult Alternative, Adult Contemporary, Alternative, Arena Rock, College Rock, Dance, Electronic, Hard Rock, Hip Hop/Rap, Music, New Wave, Old School Rap, Pop, Pop/Rock, Punk, R&B/Soul, Rock, Rock & Roll, Soft Rock, Soundtrack, Techno","Afrika Bambaataa, Bruce Springsteen, Christopher Cross, Cyndi Lauper, Duran Duran, Janet Jackson, Men At Work, Michael Jackson, Simple Minds, Slick Rick, Talking Heads, The Clash, The Soulsonic Force, Whitney Houston"
EDITORIAL_RADIO_STATION,20250220,11264000,N/A,1740072641100,47,"Adult Alternative, Adult Contemporary, Alternative, Arena Rock, College Rock, Contemporary Bluegrass, Contemporary Country, Contemporary R&B, Country, Dance, Disco, East Coast Rap, Electronic, Funk, Hair Metal, Hard Rock, Heavy Metal, Hip Hop/Rap, Hip-Hop, Honky Tonk, Music, New Wave, Old School Rap, Pop, Pop/Rock, Quiet Storm, R&B/Soul, Rap, Reggae, Rock, Ska, Soft Rock, Soul, Soundtrack, Traditional Country","Alice Cooper, Beastie Boys, Billy Joel, Blondie, Bon Jovi, Bruce Hornsby & The Range, Cutting Crew, Cyndi Lauper, Daryl Hall & John Oates, Dolly Parton, Duran Duran, Eurythmics, Foreigner, Frankie Goes to Hollywood, Heavy D & The Boyz, Huey Lewis and the News, INXS, Kurtis Blow, Laura Branigan, Los Lobos, Madonna, Men Without Hats, Michael Jackson, Michael McDonald, Paula Abdul, Phil Collins, Prince & The Revolution, Ready for the World, Rick Astley, Rick Springfield, Starship, Steve Miller Band, Survivor, The Bangles, The Cars, The Go-Go's, The Police, Thompson Twins, Tina Turner, Toni Basil, U2, Whitesnake, Whitney Houston, Yaz, Young MC"
EDITORIAL_RADIO_STATION,20250221,2379000,N/A,1740143936207,9,"Adult Alternative, Adult Contemporary, Alternative, College Rock, Dance, Hip Hop/Rap, Music, New Wave, Pop, Rock, World","Fine Young Cannibals, Gloria Estefan, Gloria Estefan & Miami Sound Machine, Modern English, Nena, Phil Collins, Tears for Fears, Tom Petty, Twisted Sister, Whodini"
EDITORIAL_RADIO_STATION,20250222,6371000,N/A,1740251102909,27,"Adult Alternative, Adult Contemporary, Alternative, Alternative Folk, Alternative Rap, Arena Rock, Blues-Rock, College Rock, Contemporary Bluegrass, Contemporary Country, Contemporary Folk, Contemporary R&B, Country, Dance, Electronic, Folk-Rock, Hair Metal, Hard Rock, Heavy Metal, Hip Hop/Rap, Honky Tonk, Music, New Wave, Pop, Pop/Rock, Psychedelic, Quiet Storm, R&B/Soul, Rap, Rock, Rock & Roll, Singer/Songwriter, Singer/Songwriter, Soft Rock, Soul, Soundtrack, Southern Rock, Traditional Country, Vocal","Bad English, Billy Idol, Billy Ocean, Blondie, Bruce Springsteen, Bryan Adams, Carole King, Dolly Parton, Eagles, J.J. Cale, Kenny Rogers, Kool & The Gang, Madonna, Missing Persons, Natalie Imbruglia, Neneh Cherry, Paul McCartney, Paula Abdul, R.E.M., Ray Parker Jr., Run-DMC, Simon & Garfunkel, Suzanne Vega, The Goo Goo Dolls, The J. Geils Band, The Pointer Sisters, The Police, Tracy Chapman"
EDITORIAL_RADIO_STATION,20250225,2394000,N/A,1740501849874,10,"Adult Contemporary, Alternative, Arena Rock, Blues, Blues-Rock, Classical, Country Blues, Dance, Electronic, Hair Metal, Hard Rock, Heavy Metal, Hip Hop/Rap, Hip-Hop, Music, New Wave, Old School Rap, Pop, Pop/Rock, R&B/Soul, Rap, Rock, Soft Rock, West Coast Rap","A Flock of Seagulls, Fleetwood Mac, George Michael, J.J. Fad, Kian Soltani, Matthew Wilder, Prince & The Revolution, Scorpions, Staatskapelle Berlin, Cellists, Van Halen, Whitney Houston"
EDITORIAL_RADIO_STATION,20250227,664000,N/A,1740663947064,4,"Alternative, Britpop, Dance, East Coast Rap, Hip Hop/Rap, Hip-Hop, Music, New Wave, Old School Rap, Pop, Pop/Rock, R&B/Soul, Rap, Rock, Soundtrack","Beastie Boys, Kate Bush, Prince, The Human League"
EDITORIAL_RADIO_STATION,20250228,4158000,N/A,1740753694306,11,"Adult Alternative, Adult Contemporary, Alternative, Arena Rock, Classical, College Rock, Dance, Hair Metal, Hard Rock, Heavy Metal, Hip Hop/Rap, Jazz, Music, Orchestral, Pop, Pop/Rock, R&B/Soul, Rock, Romantic Era, Soft Rock, Vocal Jazz","Academy of St Martin in the Fields, Bobby McFerrin, Daryl Hall & John Oates, Irene Cara, Mr. Mister, Oliver Zeffman, Poison, Prince & The Revolution, Tone-Lōc, Tugan Sokhiev, U2, Wang Chung, Wiener Philharmoniker"
EDITORIAL_RADIO_STATION,20250302,3768000,N/A,1740950719165,18,"Adult Contemporary, Alternative, American Trad Rock, Arena Rock, Blues, British Invasion, Country Blues, Dance, Electronic, Hard Rock, Hip Hop/Rap, Hip-Hop, Jazz, Latin, Music, New Wave, Pop, Pop/Rock, Psychedelic, R&B/Soul, Rap, Rock, Rock & Roll, Roots Rock, Soft Rock, Soul, Soundtrack, Vocal, Vocal Pop","Berlin, DJ Jazzy Jeff & The Fresh Prince, Doug E. Fresh, Duran Duran, Heart, John Cougar, Men At Work, Oscar Feldman, Pat Benatar, Phil Collins, Slick Rick, Steve Winwood, Taylor Dayne, Thomas Dolby, Van Halen, Violent Femmes, When In Rome, a-ha"
EDITORIAL_RADIO_STATION,20250303,323000,N/A,1741009566752,3,"Classical, Music, Pop, Rock, Soundtrack","'Til Tuesday, Leif Ove Andsnes, Mahler Chamber Orchestra, Simple Minds"
EDITORIAL_RADIO_STATION,20250304,416000,N/A,1741094185680,1,"Chamber Music, Classical, Music","Trio Boccherini"
EDITORIAL_RADIO_STATION,20250305,2153000,N/A,1741203657553,9,"Adult Alternative, Alternative, Arena Rock, Classical, College Rock, Dance, East Coast Rap, Electronic, Hip Hop/Rap, Hip-Hop, House, Music, New Wave, Old School Rap, Pop, Pop/Rock, R&B/Soul, Rap, Rock","4th Measure Men, Bombay Traffic, Cassian, Cyndi Lauper, Friend Within, Grandmaster Flash, Hilary Hahn, Hugh Wolff, Joshwa, Melle Mel, Oslo Philharmonic, Talking Heads"
EDITORIAL_RADIO_STATION,20250306,1674000,N/A,1741296998129,7,"Adult Alternative, Adult Contemporary, Alternative, Arena Rock, College Rock, Dance, Electronic, Hard Rock, Hip Hop/Rap, Music, New Wave, Pop, Pop/Rock, Rock, Rock & Roll, Soft Rock","Bruce Springsteen, Eurythmics, Frankie Goes to Hollywood, Laura Branigan, Pretenders, Run-DMC, Stevie Nicks"
EDITORIAL_RADIO_STATION,20250307,128000,N/A,1741348931915,1,"Brass & Woodwinds, Classical, Music, Romantic Era","Jean-Jacques Kantorow, Martin Fröst, Tapiola Sinfonietta"
EDITORIAL_RADIO_STATION,20250308,2966000,N/A,1741461448077,12,"Adult Contemporary, Arena Rock, Country, Dance, Disco, Hair Metal, Hard Rock, Hardcore Rap, Heavy Metal, Hip Hop/Rap, Music, Pop, Pop/Rock, R&B/Soul, Rock, Singer/Songwriter, Soft Rock, Soundtrack","Big Daddy Kane, Billy Joel, Bon Jovi, Dead or Alive, Guns N' Roses, Journey, Kim Carnes, Michael Jackson, Michael Sembello, Prince & The Revolution, Whitney Houston"
EDITORIAL_RADIO_STATION,20250309,2982000,N/A,1741554884485,14,"Adult Alternative, Adult Contemporary, Alternative, Alternative Rap, Arena Rock, College Rock, Contemporary Bluegrass, Contemporary Country, Contemporary R&B, Country, Dance, Goth Rock, Hard Rock, Hip Hop/Rap, Hip-Hop, Honky Tonk, Music, New Wave, Pop, Pop/Rock, R&B/Soul, Rap, Rock, Soft Rock, Soundtrack, Traditional Country","Beastie Boys, Belinda Carlisle, Billy Joel, Bryan Adams, Crowded House, Dolly Parton, Huey Lewis and the News, Los Lobos, Michael Jackson, Phil Collins, Rick Springfield, The Buggles, The Cure, Toni Basil"
EDITORIAL_RADIO_STATION,20250310,1346000,N/A,1741632108242,6,"Adult Alternative, Adult Contemporary, Alternative, College Rock, Contemporary R&B, Dance, Hip Hop/Rap, Hip-Hop, Music, New Wave, Pop, R&B/Soul, Rap, Rock","Bananarama, Daryl Hall & John Oates, Heavy D & The Boyz, Modern English, Tears for Fears, Whitney Houston"
EDITORIAL_RADIO_STATION,20250312,317000,N/A,1741783417181,2,"Arena Rock, Music, Pop, Pop/Rock, Rock","Survivor, The Go-Go's"
EDITORIAL_RADIO_STATION,20250314,2166000,N/A,1741954097873,10,"Adult Alternative, Alternative, College Rock, Dance, East Coast Rap, Electronic, Hip Hop/Rap, Hip-Hop, Music, New Wave, Old School Rap, Pop, Psychedelic, R&B/Soul, Rap, Rock, Soul","Beastie Boys, Blondie, Bruce Hornsby & The Range, Bryan Adams, Dexys Midnight Runners, Echo & The Bunnymen, Falco, Rush, Whitney Houston, Whodini"
EDITORIAL_RADIO_STATION,20250315,1684000,N/A,1742053227003,9,"Adult Alternative, Alternative, Arena Rock, College Rock, Death Metal/Black Metal, East Coast Rap, Hair Metal, Hard Rock, Heavy Metal, Hip Hop/Rap, Hip-Hop, Music, New Wave, Old School Rap, Pop, Pop/Rock, Punk, R&B/Soul, Rap, Rock","Beastie Boys, Corey Hart, DEVO, Europe, Janet Jackson, Kurtis Blow, Phil Collins, The Police"
EDITORIAL_RADIO_STATION,20250316,1423000,N/A,1742139426632,5,"Arena Rock, Dance, Electronic, Glam Rock, Hip Hop/Rap, Music, Old School Rap, Pop, Pop/Rock, Prog-Rock/Art Rock, R&B/Soul, Rock, Soul, Techno","Afrika Bambaataa, David Bowie, Michael Jackson, Pet Shop Boys, Rick Astley, The Soulsonic Force"
EDITORIAL_RADIO_STATION,20250317,2618000,N/A,1742217824285,11,"Adult Contemporary, Alternative, Arena Rock, Dance, Hard Rock, Heavy Metal, Hip Hop/Rap, Music, New Wave, Pop, Pop/Rock, R&B/Soul, Rap, Rock, Soft Rock, Soul, Soundtrack, Teen Pop","Culture Club, Duran Duran, George Michael, Madonna, New Kids On the Block, Ozzy Osbourne, Phil Collins, Rob Base & DJ EZ Rock, Run-DMC, Tina Turner, Wham!"
EDITORIAL_RADIO_STATION,20250318,2351000,N/A,1742321728666,11,"Adult Contemporary, Alternative, Arena Rock, Britpop, Chamber Music, Classical, Contemporary R&B, Dance, East Coast Rap, Hair Metal, Hard Rock, Heavy Metal, Hip Hop/Rap, Hip-Hop, Music, New Wave, Old School Rap, Pop, Pop/Rock, Quiet Storm, R&B/Soul, Rap, Rock, Romantic Era, Soul, World","Bad English, Beastie Boys, Billy Ocean, Blondie, Bruce Springsteen, Gloria Estefan, Gloria Estefan & Miami Sound Machine, John-Henry Crawford, Madonna, Tears for Fears, The Human League, Victor Santiago Asuncion, Wang Chung"
EDITORIAL_RADIO_STATION,20250319,2016000,N/A,1742395180788,8,"Adult Contemporary, Alternative, Arena Rock, Blues, British Invasion, Country Blues, Dance, Hip Hop/Rap, Music, New Wave, Pop, Pop/Rock, Psychedelic, R&B/Soul, Rock, Rock & Roll, Soft Rock, Soul","Aretha Franklin, Daryl Hall & John Oates, George Michael, Irene Cara, Missing Persons, N.W.A, Phil Collins, Steve Winwood, Tom Petty"
EDITORIAL_RADIO_STATION,20250320,1367000,N/A,1742481808892,7,"Adult Alternative, Alternative, Arena Rock, Classical, Classical Era, College Rock, Hard Rock, Hip Hop/Rap, Music, Piano, Pop, Pop/Rock, R&B/Soul, Rock, Soundtrack","Academy of St Martin in the Fields, Khatia Buniatishvili, Pat Benatar, Prince, Prince & The Revolution, R.E.M., Run-DMC, Simple Minds"
EDITORIAL_RADIO_STATION,20250321,3408000,N/A,1742563505799,15,"Adult Contemporary, Alternative, Cello, Classical, Dance, East Coast Rap, Electronic, Hip Hop/Rap, Hip-Hop, Music, New Wave, Old School Rap, Piano, Pop, Pop/Rock, R&B/Soul, Rap, Rock, Soft Rock, Solo Instrumental, Soundtrack","'Til Tuesday, Aaron Pilsan, Brice Sailly, Bruce Springsteen, Grandmaster Flash, Kian Soltani, Mathieu Gaudet, Melle Mel, Men At Work, Paul Simon, Paula Abdul, Peter Gabriel, Ray Parker Jr., Shani Diluka, Starship, Young MC, a-ha"
EDITORIAL_RADIO_STATION,20250323,2858000,N/A,1742773359915,14,"Adult Alternative, Adult Contemporary, Alternative, Alternative Country, Arena Rock, Contemporary R&B, Country, Dance, Dirty South, Electronic, Hair Metal, Hard Rock, Heavy Metal, Hip Hop/Rap, Music, New Wave, Pop, Pop/Rock, R&B/Soul, Rap, Rock, Singer/Songwriter, Soundtrack","Aerosmith, Berlin, Beyoncé, Ciara, Coldplay, Duran Duran, Jennifer Lopez, John Mayer, Lady Gaga, Laura Branigan, No Doubt, Passion Pit, Richard Marx, Violent Femmes"
EDITORIAL_RADIO_STATION,20250324,2695000,N/A,1742829280862,10,"Adult Alternative, Adult Contemporary, Alternative, Arena Rock, College Rock, Hip Hop/Rap, Hip-Hop, Music, Pop, Pop/Rock, R&B/Soul, Rap, Reggae, Rock, Singer/Songwriter, Ska, Soft Rock","Billy Joel, DJ Jazzy Jeff & The Fresh Prince, Frankie Goes to Hollywood, George Thorogood & The Destroyers, Phil Collins, Pink Floyd, Rockwell, The Police, Toto, U2"
EDITORIAL_RADIO_STATION,20250325,2947000,N/A,1742946426011,15,"Adult Alternative, Adult Contemporary, Alternative, Alternative Rap, Arena Rock, Dance, Electronic, Hair Metal, Hard Rock, Heavy Metal, Hip Hop/Rap, House, Music, New Wave, Pop, Pop/Rock, R&B/Soul, Rap, Rock, Rock & Roll, Vocal, Vocal Pop","Axwell, Bon Jovi, Eurythmics, Genesis, Heart, Joy Orbison, Kaskade, Kool & The Gang, Kx5, Madonna, Men Without Hats, Neneh Cherry, Seal, The Pharcyde, The Rolling Stones, When In Rome, deadmau5"
EDITORIAL_RADIO_STATION,20250327,3314000,N/A,1743107422070,14,"Adult Contemporary, Alternative, Arena Rock, Dance, Hard Rock, Hip Hop/Rap, Jazz, Music, New Wave, Pop, Pop/Rock, Prog-Rock/Art Rock, Psychedelic, R&B/Soul, Rock, Teen Pop, Vocal Jazz","Bobby McFerrin, Chicago, Debbie Gibson, George Michael, Huey Lewis and the News, Mr. Mister, Prince & The Revolution, Rick Springfield, Survivor, The Cars, The Go-Go's, Tone-Lōc, Whitney Houston, Yes"
EDITORIAL_RADIO_STATION,20250328,5925000,N/A,1743199119773,26,"Adult Contemporary, Alternative, Arena Rock, Contemporary R&B, Dance, East Coast Rap, Funk, Hard Rock, Hardcore Rap, Hip Hop/Rap, Hip-Hop, Music, New Wave, Old School Rap, Pop, Pop/Rock, R&B/Soul, Rap, Reggae, Rock, Rock & Roll, Ska, Soul, Soundtrack, Vocal, Vocal Pop","Beastie Boys, Bow Wow Wow, Bruce Hornsby & The Range, Bryan Adams, Cutting Crew, Daryl Hall & John Oates, Dire Straits, Fine Young Cannibals, Fleetwood Mac, Heart, INXS, LL COOL J, Madness, Michael Sembello, Mötley Crüe, Neil Diamond, Prince & The Revolution, Public Enemy, Ready for the World, Simply Red, Slick Rick, Tears for Fears, The Buggles, The Police, Twisted Sister, Whitney Houston"
EDITORIAL_RADIO_STATION,20250329,11740000,N/A,1743292640180,50,"Adult Alternative, Adult Contemporary, Alternative, Alternative Rap, Arena Rock, Blues, Blues-Rock, Britpop, College Rock, Contemporary R&B, Country Blues, Dance, East Coast Rap, Electronic, Europe, Goth Rock, Hard Rock, Hardcore Rap, Heavy Metal, Hip Hop/Rap, Hip-Hop, Music, New Wave, Old School Rap, Pop, Pop/Rock, R&B/Soul, Rap, Rock, Soft Rock, Soundtrack, Soundtrack, Vocal, Vocal Pop, West Coast Rap, World","Alannah Myles, Bananarama, Beastie Boys, Big Daddy Kane, Blondie, Bonnie Tyler, Cyndi Lauper, Daryl Hall & John Oates, Def Leppard, Depeche Mode, Doug E. Fresh, Duran Duran, Falco, Fleetwood Mac, Frankie Goes to Hollywood, George Michael, Guns N' Roses, Harold Faltermeyer, Huey Lewis and the News, J.J. Fad, Janet Jackson, John Waite, Journey, Kate Bush, Madonna, Matthew Wilder, Men At Work, Michael Jackson, Olivia Newton-John, Prince & The Revolution, Roxette, Run-DMC, Sade, Slick Rick, Soft Cell, Stevie Nicks, Talk Talk, The Bangles, The Cult, The Human League, Toni Basil, Wham!, Whitney Houston, Yaz, a-ha"
EDITORIAL_RADIO_STATION,20250330,7578000,N/A,1743380293398,31,"Adult Alternative, Adult Contemporary, Alternative, Arena Rock, College Rock, Contemporary R&B, Country, Dance, Disco, East Coast Rap, Electronic, Funk, Hair Metal, Hard Rock, Heavy Metal, Hip Hop/Rap, Hip-Hop, House, Music, New Wave, Pop, Pop/Rock, Quiet Storm, R&B/Soul, Rap, Rock, Rock & Roll, Soft Rock, Soul, Soundtrack, Teen Pop","Alice Cooper, Billy Joel, Bon Jovi, Bruce Springsteen, Crowded House, Cyndi Lauper, Eddie Money, Eurythmics, Exposé, Heavy D & The Boyz, Huey Lewis and the News, Janet Jackson, Kim Carnes, Lipps, Inc., Madonna, Michael Jackson, New Order, Pretenders, REO Speedwagon, Simple Minds, Stetsasonic, Steve Miller Band, Taylor Dayne, The Bangles, The J. Geils Band, The Pointer Sisters, Thomas Dolby, Tiffany, U2, Whitney Houston, Whodini"
EDITORIAL_RADIO_STATION,20250331,6047000,N/A,1743428357430,24,"Adult Alternative, Adult Contemporary, Alternative, Arena Rock, Blues, British Invasion, College Rock, Country Blues, Dance, East Coast Rap, Electronic, Glam Rock, Goth Rock, Hair Metal, Hard Rock, Heavy Metal, Hip Hop/Rap, Hip-Hop, Music, New Wave, Old School Rap, Pop, Pop/Rock, Prog-Rock/Art Rock, Psychedelic, R&B/Soul, Rap, Rock, Rock & Roll, Soft Rock, Soul, Soundtrack, Techno","Afrika Bambaataa, Bill Medley, Billy Joel, Bon Jovi, Christopher Cross, Corey Hart, David Bowie, Genesis, Janet Jackson, Jennifer Warnes, Kurtis Blow, Laura Branigan, Madonna, Modern English, Ozzy Osbourne, Phil Collins, Run-DMC, Salt-N-Pepa, Sly Fox, Steve Winwood, Survivor, Tears for Fears, The Cure, The Soulsonic Force, Yello"
EDITORIAL_RADIO_STATION,20250403,4355000,N/A,1743712565355,19,"Adult Alternative, Adult Contemporary, Alternative, Arena Rock, Dance, East Coast Rap, Electronic, Hair Metal, Hard Rock, Heavy Metal, Hip Hop/Rap, Hip-Hop, Music, New Wave, Old School Rap, Pop, Pop/Rock, Punk, R&B/Soul, Rap, Rock, Soft Rock, Soul, Teen Pop","Aretha Franklin, Bad English, Beastie Boys, Blondie, Bruce Springsteen, Chicago, Daryl Hall & John Oates, Debbie Gibson, Def Leppard, George Michael, Irene Cara, Madonna, New Kids On the Block, Paula Abdul, Rush, Stevie Wonder, The Jam, The Police, Tina Turner"
EDITORIAL_RADIO_STATION,20250404,1411000,N/A,1743769371749,6,"Adult Alternative, Alternative, Britpop, College Rock, Dance, Electronic, Hip Hop/Rap, Hip-Hop, Music, New Wave, Old School Rap, Pop, Pop/Rock, Psychedelic, R&B/Soul, Rap, Rock, Soundtrack","Biz Markie, Bryan Adams, Echo & The Bunnymen, Grandmaster Flash & The Furious Five, The Human League, Thompson Twins"
EDITORIAL_RADIO_STATION,20250405,9713000,N/A,1743860897251,41,"Adult Alternative, Adult Contemporary, Alternative, American Trad Rock, Arena Rock, College Rock, Contemporary Bluegrass, Contemporary Country, Contemporary R&B, Country, Dance, Disco, East Coast Rap, Electronic, Hair Metal, Hard Rock, Heavy Metal, Hip Hop/Rap, Honky Tonk, Music, New Wave, Pop, Pop/Rock, Punk, Quiet Storm, R&B/Soul, Rap, Rock, Roots Rock, Soft Rock, Soul, Soundtrack, Traditional Country","Aaliyah, Belinda Carlisle, Billy Ocean, Blondie, Bruce Springsteen, Cyndi Lauper, DEVO, Daryl Hall & John Oates, Dexys Midnight Runners, Dolly Parton, Duran Duran, Foreigner, George Michael, Jody Watley, John Cougar, Kenny Rogers, Klymaxx, Pet Shop Boys, Peter Gabriel, Phil Collins, Poison, Prince, Prince & The Revolution, R.E.M., Ray Parker Jr., Rob Base & DJ EZ Rock, Rockwell, Run-DMC, Simple Minds, Starship, Stetsasonic, Tears for Fears, The Alan Parsons Project, Toni Basil, Van Halen, Wang Chung, Wham!, Young MC, ZZ Top, a-ha"
EDITORIAL_RADIO_STATION,20250406,3043000,N/A,1743955485915,13,"Adult Contemporary, Alternative, Arena Rock, Contemporary Bluegrass, Contemporary Country, Contemporary R&B, Country, Dance, East Coast Rap, Electronic, Hair Metal, Hard Rock, Heavy Metal, Hip Hop/Rap, Hip-Hop, Honky Tonk, Music, New Wave, Old School Rap, Pop, Pop/Rock, R&B/Soul, Rap, Rock, Soft Rock, Traditional Country, World","Bon Jovi, Dolly Parton, Gloria Estefan, Gloria Estefan & Miami Sound Machine, Grandmaster Flash, Kenny Loggins, Lisa Lisa & Cult Jam, Melle Mel, Men At Work, N.W.A, Nena, Paul Simon, Starship, The Go-Go's, Whitney Houston"
EDITORIAL_RADIO_STATION,20250409,1727000,N/A,1744203883532,8,"Alternative, Alternative Rap, Classical, College Rock, Dance, Electronic, Hip Hop/Rap, Music, New Wave, Piano, Pop, Pop/Rock, R&B/Soul, Rap, Reggae, Rock, Ska, Solo Instrumental","A Flock of Seagulls, Célimène Daudet, Frankie Goes to Hollywood, Genesis, Madonna, Men Without Hats, Neneh Cherry, The Police"
EDITORIAL_RADIO_STATION,20250410,3703000,N/A,1744305123292,15,"Adult Alternative, Adult Contemporary, Alternative, Arena Rock, Contemporary R&B, Dance, Hair Metal, Hard Rock, Heavy Metal, Hip Hop/Rap, Hip-Hop, Music, New Wave, Pop, Pop/Rock, R&B/Soul, Rap, Rock, Soft Rock, Soul, Soundtrack","Bryan Adams, DJ Jazzy Jeff & The Fresh Prince, Duran Duran, Eric B. & Rakim, Eurythmics, Heart, Huey Lewis and the News, Michael Jackson, Michael McDonald, Michael Sembello, Scorpions, Spandau Ballet, Violent Femmes, Whitney Houston"
EDITORIAL_RADIO_STATION,20250412,1463000,N/A,1744466458665,7,"Adult Contemporary, Alternative, Arena Rock, Blues, British Invasion, Country Blues, East Coast Rap, Hard Rock, Hip Hop/Rap, Hip-Hop, Music, New Wave, Old School Rap, Pop, Pop/Rock, Psychedelic, R&B/Soul, Rap, Rock, Rock & Roll, Soul","Beastie Boys, Culture Club, Prince & The Revolution, Steve Winwood, Tears for Fears, The Rolling Stones, Tom Petty"
EDITORIAL_RADIO_STATION,20250413,2591000,N/A,1744554007622,11,"Adult Alternative, Adult Contemporary, Alternative Rap, Arena Rock, Contemporary R&B, Dance, Hair Metal, Hard Rock, Heavy Metal, Hip Hop/Rap, Hip-Hop, Music, Pop, Pop/Rock, R&B/Soul, Rap, Rock, Rock & Roll, Soft Rock","Beastie Boys, Daryl Hall & John Oates, Dire Straits, INXS, John Waite, Michael Jackson, Slick Rick, Stevie Nicks, Survivor, Whitesnake, Yello"
EDITORIAL_RADIO_STATION,20250414,3196000,N/A,1744638026998,14,"Adult Contemporary, Alternative, Arena Rock, Dance, Hip Hop/Rap, Music, New Wave, Pop, Pop/Rock, R&B/Soul, Rock, Soul, Vocal, Vocal Pop","Billy Idol, Billy Joel, Blondie, Cutting Crew, Eddie Money, Madonna, Olivia Newton-John, Phil Collins, Run-DMC, Simply Red, Talk Talk, The Buggles, The Police, Whodini"
EDITORIAL_RADIO_STATION,20250415,5371000,N/A,1744744100997,21,"Adult Alternative, Adult Contemporary, Alternative, Arena Rock, Australia, Blues, British Invasion, Britpop, Chamber Music, Classical, College Rock, Country Blues, Dance, Disco, East Coast Rap, Goth Rock, Hard Rock, Heavy Metal, Hip Hop/Rap, Hip-Hop, Music, New Wave, Old School Rap, Pop, Pop/Rock, Psychedelic, R&B/Soul, Rap, Reggae, Rock, Rock & Roll, Soft Rock, Soul, Soundtrack, World","AC/DC, After the Fire, Bobby Brown, Bruce Hornsby & The Range, Corey Hart, Doug E. Fresh, Emanuel Ax, Genesis, George Michael, Kurtis Blow, Leonidas Kavakos, Lipps, Inc., Michael Jackson, Phil Collins, REO Speedwagon, Robert Palmer, Slick Rick, Steve Winwood, The Cure, The Human League, Twisted Sister, UB40, Yo-Yo Ma, a-ha"
EDITORIAL_RADIO_STATION,20250416,493000,N/A,1744812157198,3,"Adult Contemporary, Alternative, Dance, Electronic, Hip Hop/Rap, Music, New Wave, Pop, Pop/Rock","Public Enemy, Wham!, Yaz"
EDITORIAL_RADIO_STATION,20250419,1954000,N/A,1745086720014,7,"Adult Alternative, Alternative, Arena Rock, College Rock, Hard Rock, Hip Hop/Rap, Music, New Wave, Pop, Pop/Rock, R&B/Soul, Rock, Rock & Roll, Soundtrack","Janet Jackson, Madonna, Pretenders, Rockwell, Salt-N-Pepa, Simple Minds, U2"
EDITORIAL_RADIO_STATION,20250420,4287000,N/A,1745161590820,18,"Adult Alternative, Adult Contemporary, Alternative, Arena Rock, Britpop, College Rock, Dance, East Coast Rap, Europe, Hard Rock, Hardcore Rap, Heavy Metal, Hip Hop/Rap, Hip-Hop, Music, New Wave, Old School Rap, Pop, Pop/Rock, R&B/Soul, Rap, Rock, Singer/Songwriter, Soundtrack, World","Beastie Boys, Berlin, Billy Joel, Bow Wow Wow, Bryan Adams, Cyndi Lauper, Duran Duran, LL COOL J, Michael Jackson, Modern English, Ozzy Osbourne, Phil Collins, Prince & The Revolution, Ray Parker Jr., Roxette, Sly Fox, The J. Geils Band"
EDITORIAL_RADIO_STATION,20250421,775000,N/A,1745240854774,3,"Arena Rock, Hair Metal, Hard Rock, Hardcore Rap, Heavy Metal, Hip Hop/Rap, Music, Pop, Pop/Rock, Rock","'Til Tuesday, Big Daddy Kane, Bon Jovi"
EDITORIAL_RADIO_STATION,20250423,87000,N/A,1745406108890,1,"Classical, Modern Era, Music, Piano","Luís Rabello"
EDITORIAL_RADIO_STATION,20250424,2047000,N/A,1745514325676,8,"Adult Alternative, Adult Contemporary, Alternative, College Rock, Dance, Electronic, Hip Hop/Rap, Music, New Wave, Pop, Pop/Rock, Psychedelic, Rock, Soft Rock, Surf","Duran Duran, Echo & The Bunnymen, Harold Faltermeyer, Men At Work, Phil Collins, Rob Base & DJ EZ Rock, Soft Cell, The Beach Boys"
EDITORIAL_RADIO_STATION,20250425,1002000,N/A,1745584456329,5,"Adult Alternative, Alternative, Arena Rock, Hard Rock, Hip Hop/Rap, Music, New Wave, Pop, Pop/Rock, R&B/Soul, Rock, Soundtrack, Soundtrack","Crowded House, Eurythmics, Pat Benatar, Prince & The Revolution, Young MC"
EDITORIAL_RADIO_STATION,20250426,6516000,N/A,1745671493081,26,"Adult Alternative, Adult Contemporary, Alternative, Arena Rock, Dance, East Coast Rap, Electronic, Hair Metal, Hard Rock, Hardcore Rap, Heavy Metal, Hip Hop/Rap, Hip-Hop, House, Music, New Wave, Pop, Pop/Rock, R&B/Soul, Rap, Rock, Soul, Vocal, Vocal Pop","Alannah Myles, Amy Winehouse, Bad English, Bonnie Tyler, Colbie Caillat, Dexys Midnight Runners, Duran Duran, Eminem, Eric B. & Rakim, Exposé, Frankie Goes to Hollywood, Jason Mraz, Lady Gaga, Matthew Wilder, Men Without Hats, N.W.A, Natasha Bedingfield, Rick Springfield, Rush, Spandau Ballet, Stetsasonic, Survivor, T.I., Taylor Dayne, Van Halen, When In Rome, Whitney Houston"
EDITORIAL_RADIO_STATION,20250427,2458000,N/A,1745772485881,11,"Adult Contemporary, Alternative, Arena Rock, Blues, British Invasion, Contemporary Bluegrass, Contemporary Country, Country, Country Blues, Dance, East Coast Rap, Electronic, Hard Rock, Hip Hop/Rap, Hip-Hop, Honky Tonk, Music, New Wave, Old School Rap, Pop, Pop/Rock, Psychedelic, R&B/Soul, Rap, Rock, Rock & Roll, Soft Rock, Soul, Soundtrack, Traditional Country","Bruce Springsteen, Cyndi Lauper, Dolly Parton, Falco, Grandmaster Flash, Kate Bush, Melle Mel, Michael McDonald, Mr. Mister, Steve Winwood, Tears for Fears, The Rolling Stones"
EDITORIAL_RADIO_STATION,20250428,1858000,N/A,1745843483550,9,"Adult Alternative, Adult Contemporary, Alternative, Alternative Rap, American Trad Rock, Arena Rock, College Rock, Hip Hop/Rap, Hip-Hop, Jazz, Music, New Wave, Pop, Pop/Rock, Punk, R&B/Soul, Rap, Rock, Roots Rock, Soft Rock, Vocal Jazz","Beastie Boys, Billy Idol, Bobby McFerrin, DEVO, Daryl Hall & John Oates, John Cougar, Mike + The Mechanics, Nena, The Police"
EDITORIAL_RADIO_STATION,20250429,3025000,N/A,1745942609886,14,"Adult Contemporary, Alternative, Arena Rock, East Coast Rap, Glam Rock, Hair Metal, Hard Rock, Heavy Metal, Hip Hop/Rap, Hip-Hop, Music, New Wave, Old School Rap, Pop, Pop/Rock, Prog-Rock/Art Rock, R&B/Soul, Rap, Rock, Rock & Roll, Soul","Beastie Boys, Blondie, Bruce Springsteen, David Bowie, Dire Straits, Kenny Loggins, Missing Persons, Neil Diamond, Pink Floyd, Poison, Slick Rick, Thomas Dolby, Whitney Houston, a-ha"
EDITORIAL_RADIO_STATION,20250430,3138000,N/A,1746020257160,12,"Alternative, Britpop, Cello, Chamber Music, Classical, Contemporary R&B, Dance, East Coast Rap, Hip Hop/Rap, Hip-Hop, Music, New Wave, Old School Rap, Orchestral, Piano, Pop, Pop/Rock, R&B/Soul, Rap, Renaissance, Rock, Romantic Era, Violin","Alina Ibragimova, Beastie Boys, Christian Poltéra, Claudio Abbado, Cédric Tiberghien, James Buswell, Kathryn Stott, Lisa Batiashvili, Marin Alsop, Michael Jackson, Minnesota Orchestra, Mishka Rushdie Momen, Orchestra Mozart, Osmo Vänskä, Riccardo Muti, Royal Scottish National Orchestra, Rundfunk-Sinfonieorchester Berlin, Talk Talk, The Human League, Wiener Philharmoniker"
EDITORIAL_RADIO_STATION,20250501,8622000,N/A,1746115974794,34,"Adult Alternative, Adult Contemporary, Alternative, Arena Rock, Baroque Era, Classical, College Rock, Contemporary R&B, Dance, Disco, Electronic, Hair Metal, Hard Rock, Heavy Metal, Hip Hop/Rap, Hip-Hop, Motown, Music, New Wave, Old School Rap, Piano, Pop, Pop/Rock, Prog-Rock/Art Rock, Psychedelic, Punk, Quiet Storm, R&B/Soul, Rap, Rock, Rock & Roll, Soft Rock, Soul, Soundtrack, Teen Pop, World","Alice Cooper, Aretha Franklin, Biz Markie, Blondie, Bryan Adams, Culture Club, Cyndi Lauper, DJ Jazzy Jeff & The Fresh Prince, Daryl Hall & John Oates, Debbie Gibson, Diana Ross, Fazıl Say, Frankie Goes to Hollywood, George Michael, Gloria Estefan, Gloria Estefan & Miami Sound Machine, Grandmaster Flash & The Furious Five, Guns N' Roses, Madonna, Michael Jackson, Michael Sembello, Poison, Prince, Prince & The Revolution, R.E.M., REO Speedwagon, Run-DMC, Simple Minds, Starship, The Clash, The Pointer Sisters, Toni Basil, Wham!, Yes"
EDITORIAL_RADIO_STATION,20250502,30896000,N/A,1746229133094,126,"Adult Alternative, Adult Contemporary, Alternative, Arena Rock, Blues, Blues-Rock, Britpop, Classical, Classical Era, College Rock, Contemporary Bluegrass, Contemporary Country, Contemporary Jazz, Contemporary R&B, Country, Country Blues, Crossover Jazz, Dance, Disco, East Coast Rap, Electronic, Goth Rock, Hair Metal, Hard Bop, Hard Rock, Hardcore Rap, Heavy Metal, Hip Hop/Rap, Hip-Hop, Honky Tonk, Jazz, Motown, Music, New Wave, Old School Rap, Piano, Pop, Pop/Rock, Quiet Storm, R&B/Soul, Rap, Reggae, Rock, Ska, Soft Rock, Soul, Soundtrack, Techno, Teen Pop, Traditional Country, Traditional Pop, Vocal, West Coast Rap","A Flock of Seagulls, Academy of St Martin in the Fields, Afrika Bambaataa, After the Fire, Atlantic Starr, Bananarama, Belinda Carlisle, Billy Joel, Blondie, Bon Jovi, Bruce Hornsby & The Range, Bruce Springsteen, Bryan Adams, Buddy Greco, Chicago, Christopher Cross, Corey Hart, Cutting Crew, Cyndi Lauper, Daryl Hall & John Oates, Debbie Gibson, Def Leppard, Depeche Mode, Dolly Parton, Doug E. Fresh, Duran Duran, Eurythmics, Fine Young Cannibals, Fleetwood Mac, Foreigner, Frankie Goes to Hollywood, Fred again.., Genesis, George Michael, George Thorogood & The Destroyers, Gorgon City, Gunther Schuller, Heart, Heavy D & The Boyz, Huey Lewis and the News, INXS, Irene Cara, J.J. Fad, Jermaine Stewart, Joan Jett & The Blackhearts, Jody Watley, John Coltrane, John Waite, Journey, Kenny Rogers, Khatia Buniatishvili, Kim Carnes, Kool & The Gang, Kurtis Blow, LL COOL J, LP Giobbi, Laura Branigan, Lionel Richie, Los Lobos, Madonna, Mascolo, Matthew Wilder, Men At Work, Michael Jackson, Miki Yamanaka, Miles Davis, Neil Diamond, New Kids On the Block, New Order, Paula Abdul, Pebbles, Pet Shop Boys, Peter Gabriel, Phil Collins, Prince & The Revolution, Public Enemy, Quiet Riot, Rick Astley, Rick Springfield, Run-DMC, Salt-N-Pepa, Samara Joy, Slick Rick, Sofi Tukker, Steve Miller Band, Stevie Nicks, Stevie Wonder, Survivor, Tears for Fears, The Bangles, The Cars, The Cure, The Go-Go's, The Human League, The Outfield, The Police, The Soulsonic Force, Thompson Twins, Tone-Lōc, Toto, Twisted Sister, U2, UB40, Violent Femmes, Wang Chung, Wham!, Whitney Houston, Whodini, Yello, a-ha"
EDITORIAL_RADIO_STATION,20250503,2952000,N/A,1746315823361,13,"Adult Contemporary, Alternative, Arena Rock, Dance, East Coast Rap, Electronic, Hair Metal, Hard Rock, Heavy Metal, Hip Hop/Rap, House, Music, New Wave, Pop, Pop/Rock, R&B/Soul, Rap, Rock, Soul, Soundtrack","Blondie, Duran Duran, Michael Jackson, Peggy Gou, Scorpions, Simple Minds, Stacey Q, Stetsasonic, The Blessed Madonna, The Buggles, Tina Turner, Whitney Houston, Yaz"
EDITORIAL_RADIO_STATION,20250504,3037000,N/A,1746380590487,14,"Adult Contemporary, Arena Rock, Dance, Electronic, Hair Metal, Hard Rock, Heavy Metal, Hip Hop/Rap, House, Music, Pop, Pop/Rock, R&B/Soul, Rock, Singer/Songwriter, Soft Rock, Soundtrack","Billy Joel, Bon Jovi, Boys Noize, Cedric Gervais, George Michael, Guns N' Roses, James Patterson, Lana Del Rey, Layton Giordani, Madonna, Olivia Newton-John, Phantoms, Phil Collins, Rockwell, Skrillex, Slick Rick, Ty Dolla $ign"
EDITORIAL_RADIO_STATION,20250505,2093000,N/A,1746451267962,10,"Adult Alternative, Alternative, Arena Rock, Disco, East Coast Rap, Hair Metal, Hard Rock, Heavy Metal, Hip Hop/Rap, Hip-Hop, Jazz, Music, New Wave, Old School Rap, Pop, Pop/Rock, R&B/Soul, Rap, Rock, Vocal Jazz","Aerosmith, Bad English, Beastie Boys, Bobby McFerrin, Bow Wow Wow, Bruce Springsteen, Eurythmics, Janet Jackson, Lipps, Inc., Run-DMC"
EDITORIAL_RADIO_STATION,20250506,1901000,N/A,1746533848707,9,"Adult Alternative, Alternative, Arena Rock, Classical, Death Metal/Black Metal, East Coast Rap, Hair Metal, Hard Rock, Hardcore Rap, Heavy Metal, Hip Hop/Rap, Hip-Hop, Music, New Wave, Old School Rap, Pop, Pop/Rock, Punk, Rap, Rock, Soft Rock, Soundtrack","Beastie Boys, Big Daddy Kane, Europe, Men At Work, Prince & The Revolution, Quatuor Ébène, Ray Parker Jr., The Jam, Van Halen"
EDITORIAL_RADIO_STATION,20250507,52000,N/A,1746615664181,1,"Cello, Chamber Music, Classical, Music, Piano","Emanuel Ax, Yo-Yo Ma"
EDITORIAL_RADIO_STATION,20250508,1408000,N/A,1746725630163,7,"Adult Alternative, Alternative, Arena Rock, Classical, College Rock, Hard Rock, Hip Hop/Rap, Music, New Wave, Pop, Pop/Rock, Rock, Soft Rock","Heart, Huey Lewis and the News, Leif Ove Andsnes, Mahler Chamber Orchestra, Men At Work, Phil Collins, Rob Base & DJ EZ Rock, Talking Heads"
EDITORIAL_RADIO_STATION,20250509,349000,N/A,1746796428729,3,"Alternative, Cello, Classical, Music, New Wave, Pop, Pop/Rock, Reggae, Rock, Ska","Christian Poltéra, Frankie Goes to Hollywood, Madness, Münchener Kammerorchester"
EDITORIAL_RADIO_STATION,20250510,2223000,N/A,1746876183183,8,"Adult Contemporary, Arena Rock, Hard Rock, Heavy Metal, Hip Hop/Rap, Music, Pop, Pop/Rock, Rock, Soundtrack, Vocal, Vocal Pop","Bill Medley, Guns N' Roses, Jennifer Warnes, Men Without Hats, N.W.A, Richard Marx, Survivor, The J. Geils Band, When In Rome"
EDITORIAL_RADIO_STATION,20250511,4620000,N/A,1746987641804,19,"Adult Alternative, Adult Contemporary, Alternative, Arena Rock, College Rock, Dance, East Coast Rap, Electronic, Hip Hop/Rap, Hip-Hop, Music, New Wave, Old School Rap, Pop, Pop/Rock, R&B/Soul, Rap, Rock, Soft Rock, Soul","Blondie, Bobby Brown, Bruce Springsteen, Cyndi Lauper, Dexys Midnight Runners, Eric B. & Rakim, Grandmaster Flash, Harold Faltermeyer, Melle Mel, Modern English, New Edition, Paul Simon, Queen, Rick Astley, Starship, Toto, Wham!, Whitney Houston, a-ha"
EDITORIAL_RADIO_STATION,20250514,3397000,N/A,1747230054679,13,"Adult Alternative, Adult Contemporary, Alternative, Alternative Rap, Arena Rock, Blues, British Invasion, Britpop, College Rock, Country Blues, Dance, Electronic, Hair Metal, Hard Rock, Heavy Metal, Hip Hop/Rap, Hip-Hop, Music, New Wave, Pop, Pop/Rock, Psychedelic, Punk, R&B/Soul, Rap, Rock, Rock & Roll, Soft Rock, Soul, Soundtrack","Beastie Boys, Berlin, Bon Jovi, DEVO, Neneh Cherry, Pretenders, Steve Winwood, Stevie Nicks, Tears for Fears, The Human League, The Motels, Thomas Dolby, Whitney Houston"
EDITORIAL_RADIO_STATION,20250515,6962000,N/A,1747353011593,29,"Adult Alternative, Adult Contemporary, Alternative, Arena Rock, Australia, Classical, College Rock, Contemporary R&B, Dance, Disco, East Coast Rap, Electronic, Hard Rock, Hardcore Rap, Heavy Metal, Hip Hop/Rap, Hip-Hop, Music, New Wave, Old School Rap, Orchestral, Piano, Pop, Pop/Rock, Psychedelic, R&B/Soul, Rap, Rock, Rock & Roll, Soft Rock, Soundtrack, Surf, Vocal, Vocal Pop, World","AC/DC, Aretha Franklin, Blondie, Bryan Adams, Cyndi Lauper, Daryl Hall & John Oates, Def Leppard, Dire Straits, Duran Duran, Echo & The Bunnymen, Falco, George Michael, Grandmaster Flash & The Furious Five, Heavy D & The Boyz, LL COOL J, Madonna, Michael Jackson, Minnesota Orchestra, Missing Persons, Osmo Vänskä, Paula Abdul, Pink Floyd, Sade, Simple Minds, Talk Talk, Taylor Dayne, The Beach Boys, The Police, U2, Yevgeny Sudbin"
EDITORIAL_RADIO_STATION,20250516,235000,N/A,1747385948791,1,"Classical, Music, Orchestral","Minnesota Orchestra, Osmo Vänskä"
EDITORIAL_RADIO_STATION,20250517,799000,N/A,1747495123111,4,"Alternative, Dance, Hip Hop/Rap, Music, New Wave, Pop, Pop/Rock, Rock","Culture Club, Duran Duran, Salt-N-Pepa, Whitney Houston"
EDITORIAL_RADIO_STATION,20250518,5035000,N/A,1747586574835,21,"Adult Alternative, Adult Contemporary, Alternative, Arena Rock, College Rock, Dance, Electronic, Glam Rock, Goth Rock, Hair Metal, Hard Rock, Heavy Metal, Hip Hop/Rap, Music, New Wave, Pop, Pop/Rock, Prog-Rock/Art Rock, R&B/Soul, Rock, Soft Rock, Soul, World","Bon Jovi, Bonnie Tyler, Bruce Springsteen, Bryan Adams, David Bowie, Def Leppard, Depeche Mode, Eurythmics, Foreigner, George Michael, Gloria Estefan, Gloria Estefan & Miami Sound Machine, Janet Jackson, Men At Work, Prince, Prince & The Revolution, Run-DMC, Sheila E., The Cure, Violent Femmes, Whodini, Yello"
EDITORIAL_RADIO_STATION,20250519,1223000,N/A,1747694239894,6,"Adult Alternative, Alternative, Classical, College Rock, East Coast Rap, Hip Hop/Rap, Hip-Hop, Music, New Wave, Old School Rap, Pop, Pop/Rock, R&B/Soul, Rap, Rock","Bow Wow Wow, Huey Lewis and the News, Kurtis Blow, Leif Ove Andsnes, Mahler Chamber Orchestra, R.E.M., Rick Astley"
EDITORIAL_RADIO_STATION,20250520,3838000,N/A,1747755411386,17,"Alternative, Arena Rock, Cello, Chamber Music, Classical, Contemporary Bluegrass, Contemporary Country, Contemporary R&B, Country, Dance, Hair Metal, Hard Rock, Heavy Metal, Hip Hop/Rap, Honky Tonk, Music, New Wave, Piano, Pop, Pop/Rock, R&B/Soul, Rock, Rock & Roll, Soul, Traditional Country","'Til Tuesday, Amalie Stalheim, Bad English, Christian Ihle Hadland, Dolly Parton, Frankie Goes to Hollywood, INXS, Janet Jackson, Matthew Wilder, Michael Jackson, Pretty Poison, Prince & The Revolution, Rockwell, Run-DMC, Siedah Garrett, Survivor, The Rolling Stones, Tone-Lōc"
EDITORIAL_RADIO_STATION,20250523,2792000,N/A,1748006936408,11,"Adult Contemporary, Alternative, Arena Rock, Dance, Hard Rock, Hardcore Rap, Hip Hop/Rap, Music, New Wave, Pop, Pop/Rock, R&B/Soul, Rock, Soft Rock, Soundtrack, Teen Pop","Big Daddy Kane, Billy Idol, Daryl Hall & John Oates, Doug E. Fresh, Heart, New Kids On the Block, Pet Shop Boys, Phil Collins, Slick Rick, The Buggles, Thompson Twins, Wham!"
EDITORIAL_RADIO_STATION,20250524,1377000,N/A,1748093444689,6,"Adult Contemporary, Alternative, Hip Hop/Rap, Music, New Wave, Pop, Pop/Rock, Rap, Rock, Soundtrack","A Flock of Seagulls, Blondie, Kenny Loggins, Michael Jackson, Phil Collins, Run-DMC"
EDITORIAL_RADIO_STATION,20250525,621000,N/A,1748133769820,3,"Adult Contemporary, Music, Pop, Rock","George Michael, Madonna, Starship"
EDITORIAL_RADIO_STATION,20250526,284000,N/A,1748287475499,2,"Electronic, Music, Pop","LP Giobbi, Mascolo, a-ha"
EDITORIAL_RADIO_STATION,20250527,11756000,N/A,1748370200298,50,"Adult Alternative, Adult Contemporary, Alternative, Arena Rock, College Rock, Contemporary R&B, Dance, Disco, East Coast Rap, Electronic, Hair Metal, Hard Rock, Heavy Metal, Hip Hop/Rap, Hip-Hop, House, Music, New Wave, Old School Rap, Pop, Pop/Rock, Prog-Rock/Art Rock, Psychedelic, Quiet Storm, R&B/Soul, Rap, Reggae, Rock, Soft Rock, Soul, Soundtrack, Teen Pop","After the Fire, Animotion, Beastie Boys, Billy Joel, Billy Ocean, Bon Jovi, Bruce Springsteen, Bryan Adams, Christopher Cross, Crowded House, Daryl Hall & John Oates, Genesis, Jamie xx, Janet Jackson, Journey, KANDY, Lipps, Inc., Madonna, Men At Work, Michael Sembello, Modern English, Neil Diamond, New Kids On the Block, Oliver Heldens, Oliver Sim, Olivia Newton-John, Ozzy Osbourne, Paula Abdul, Prince, Public Enemy, REO Speedwagon, Richard Marx, Rob Base & DJ EZ Rock, Romy, Simple Minds, Starship, Stetsasonic, Stevie Wonder, Tears for Fears, The Blessed Madonna, The Go-Go's, The Police, Tiffany, U2, UB40, Van Halen, Violent Femmes, Wang Chung, Whitney Houston, Yes"
EDITORIAL_RADIO_STATION,20250528,4086000,N/A,1748476731280,15,"Brass & Woodwinds, Chamber Music, Choral, Classical, Classical Era, Dance, Electronic, House, Music, Orchestral, Piano, Pop, Romantic, Romantic Era, Sacred, Solo Instrumental, Violin","Academy of St Martin in the Fields, Adam Lamotte, El Mundo, Handel and Haydn Society, Harry Christophers, Havana Lyceum Orchestra, Igor Levit, Itzhak Perlman, José Antonio Méndez Padrón, Kim Petras, Kygo, Leif Ove Andsnes, London Philharmonic Orchestra, Martha Argerich, Maur, Nobuyuki Tsujii, Oliver Zeffman, Orchestre de Chambre de Lausanne, Renaud Capuçon, Richard Savino, Sarah Willis, Simon Doty, The Blessed Madonna, The Chainsmokers, Yunchan Lim, Zak Abel, Zubin Mehta"
EDITORIAL_RADIO_STATION,20250529,4448000,N/A,1748543553850,19,"Adult Contemporary, Alternative, American Trad Rock, Arena Rock, Blues, Blues-Rock, British Invasion, Britpop, Country Blues, Dance, Disco, East Coast Rap, Hip Hop/Rap, Hip-Hop, Music, New Wave, Old School Rap, Pop, Pop/Rock, Psychedelic, R&B/Soul, Rap, Rock, Rock & Roll, Roots Rock, Soft Rock, Soul, Soundtrack, Soundtrack","Aaron Hibell, Above & Beyond, Alex Wann, Alicia Keys, Beastie Boys, Blondie, Calvin Harris, Cyndi Lauper, Fleetwood Mac, John Cougar, Kate Bush, Madonna, Men Without Hats, N.W.A, Opposite the Other, Pet Shop Boys, Prince & The Revolution, Seven Lions, Steve Winwood, Swedish House Mafia, The Human League, Twisted Sister"
EDITORIAL_RADIO_STATION,20250531,1429000,N/A,1748709389888,8,"Adult Alternative, Alternative, Contemporary Bluegrass, Contemporary Country, Country, Dance, Electronic, Hip Hop/Rap, Hip-Hop, Honky Tonk, Music, New Wave, Old School Rap, Pop, Pop/Rock, R&B/Soul, Rap, Rock, Soul, Traditional Country, Vocal, Vocal Pop, West Coast Rap","Bruce Springsteen, DJ Jazzy Jeff & The Fresh Prince, Dexys Midnight Runners, Dolly Parton, Duran Duran, J.J. Fad, Kenny Rogers, Nena, When In Rome"
EDITORIAL_RADIO_STATION,20250601,954000,N/A,1748813418655,5,"Adult Contemporary, Alternative, Dance, Electronic, Hip Hop/Rap, Music, New Wave, Pop, Pop/Rock, Rock, Soft Rock","Frankie Goes to Hollywood, George Michael, Run-DMC, Talk Talk, Yaz"
EDITORIAL_RADIO_STATION,20250602,627000,N/A,1748869189011,4,"Adult Alternative, Alternative, Arena Rock, Classical, Classical Era, College Rock, Hip Hop/Rap, Music, New Wave, Orchestral, Piano, Pop, Pop/Rock, Rock","Die Kölner Akademie, Eric B. & Rakim, Michael Alexander Willens, Rick Astley, Ronald Brautigam, Talking Heads"
EDITORIAL_RADIO_STATION,20250604,3021000,N/A,1749074956683,12,"Adult Alternative, Adult Contemporary, Alternative, Alternative Rap, Arena Rock, College Rock, Dance, Hip Hop/Rap, Hip-Hop, Music, New Wave, Pop, Pop/Rock, Psychedelic, Rap, Rock, Soft Rock, Surf","Beastie Boys, Belinda Carlisle, Bonnie Tyler, Echo & The Bunnymen, Eddie Money, Janet Jackson, Matthew Wilder, Michael Jackson, Survivor, The Beach Boys, Wham!, Young MC"
EDITORIAL_RADIO_STATION,20250605,944000,N/A,1749153082142,4,"Adult Alternative, Alternative, College Rock, East Coast Rap, Goth Rock, Hardcore Rap, Hip Hop/Rap, Music, Pop, Rock","LL COOL J, Phil Collins, The Cure, a-ha"
EDITORIAL_RADIO_STATION,20250608,42000,N/A,1749394150415,1,"Contemporary R&B, Dance, Electronic, Music, R&B/Soul, Rock","Color Me Badd"
EDITORIAL_RADIO_STATION,20250613,1643000,N/A,1749859156973,7,"Contemporary R&B, East Coast Rap, Electronic, Hip Hop/Rap, Hip-Hop, Music, Old School Rap, Pop, Pop/Rock, R&B/Soul, Rap, Rock","Beastie Boys, Blondie, Harold Faltermeyer, INXS, Michael Jackson, Roxette, Soft Cell"
EDITORIAL_RADIO_STATION,20250614,2513000,N/A,1749931990876,9,"Adult Contemporary, Arena Rock, Brass & Woodwinds, Classical, Hard Rock, Heavy Metal, Hip Hop/Rap, Music, Orchestral, Piano, Pop, Pop/Rock, R&B/Soul, Rap, Rock, Romantic, Romantic Era, Solo Instrumental, Soul","Anja Bihlmaier, Edward Gardner, François Joubert-Caillet, Guns N' Roses, Het Residentie Orkest, Jean-Jacques Kantorow, L'Achéron, London Philharmonic Orchestra, Martin Fröst, Mathieu Gaudet, Robert Palmer, Run-DMC, Tapiola Sinfonietta, Tears for Fears, Yeol Eum Son"
EDITORIAL_RADIO_STATION,20250617,2287000,N/A,1750204593977,8,"Adult Contemporary, Alternative, Arena Rock, Contemporary R&B, Hip Hop/Rap, Hip-Hop, Music, New Wave, Pop, Pop/Rock, R&B/Soul, Rap, Rock, Soft Rock","'Til Tuesday, Cyndi Lauper, Daryl Hall & John Oates, Heavy D & The Boyz, Rockwell, Stevie Nicks, Whitney Houston"
EDITORIAL_RADIO_STATION,20250618,2163000,N/A,1750244665027,9,"Adult Alternative, Adult Contemporary, Alternative, Arena Rock, Chamber Music, Classical, College Rock, Dance, East Coast Rap, Electronic, Hair Metal, Hard Rock, Hardcore Rap, Heavy Metal, Hip Hop/Rap, Hip-Hop, Music, Old School Rap, Piano, Pop, Pop/Rock, R&B/Soul, Rap, Rock, Soundtrack","Big Daddy Kane, Kenny Loggins, Kurtis Blow, New Order, Quiet Riot, Simple Minds, The Police, Trio Boccherini, Yanjun Chen"
EDITORIAL_RADIO_STATION,20250619,3556000,N/A,1750352136445,16,"Adult Alternative, Adult Contemporary, Alternative, Arena Rock, Britpop, College Rock, Contemporary R&B, Dance, Hard Rock, Hip Hop/Rap, Music, New Wave, Pop, Pop/Rock, Punk, R&B/Soul, Rock, Singer/Songwriter, Soft Rock, Soul","Anita Baker, Billy Joel, Bryan Adams, Culture Club, Madonna, Men At Work, Michael Jackson, Paul Simon, Rick Springfield, Slick Rick, The Human League, The Jam, Tina Turner, Toni Basil, U2"
EDITORIAL_RADIO_STATION,20250620,337000,N/A,1750431244941,2,"Alternative, Music, New Wave, Pop, Pop/Rock, Rock","Bow Wow Wow, Cyndi Lauper"
EDITORIAL_RADIO_STATION,20250621,1976000,N/A,1750524201727,8,"Adult Contemporary, Alternative, Alternative Rap, College Rock, Contemporary Bluegrass, Contemporary Country, Country, Dance, Electronic, Hip Hop/Rap, Honky Tonk, Music, New Wave, Pop, Pop/Rock, R&B/Soul, Rap, Reggae, Rock, Ska, Soft Rock, Traditional Country","Bruce Springsteen, Dolly Parton, Duran Duran, Irene Cara, Kenny Rogers, Neneh Cherry, Spandau Ballet, Tears for Fears, The Police"
EDITORIAL_RADIO_STATION,20250623,3213000,N/A,1750681744315,12,"Adult Alternative, Adult Contemporary, Alternative, Arena Rock, Blues, Blues-Rock, Country Blues, Death Metal/Black Metal, Electronic, Hair Metal, Hard Rock, Heavy Metal, Hip Hop/Rap, Hip-Hop, Music, New Wave, Old School Rap, Pop, Pop/Rock, Rap, Rock, Soft Rock, Soundtrack, West Coast Rap","After the Fire, Berlin, Billy Joel, DJ Jazzy Jeff & The Fresh Prince, Europe, Eurythmics, Fleetwood Mac, Frankie Goes to Hollywood, Heart, J.J. Fad, Missing Persons, Whitney Houston"
EDITORIAL_RADIO_STATION,20250624,496000,N/A,1750756098272,2,"Baroque Era, Cello, Classical, Concerto, Music, Orchestral, Piano","Fazıl Say, Hanna Salzenstein, Le Consort"
EDITORIAL_RADIO_STATION,20250625,2108000,N/A,1750869145795,9,"Adult Alternative, Adult Contemporary, Alternative, Arena Rock, College Rock, Contemporary R&B, Dance, Hair Metal, Hard Rock, Heavy Metal, Hip Hop/Rap, Music, New Wave, Pop, Pop/Rock, Quiet Storm, R&B/Soul, Rock, Soul","Billy Ocean, Bon Jovi, Duran Duran, Eric B. & Rakim, Huey Lewis and the News, Madonna, Pink Floyd, R.E.M., The Buggles"
EDITORIAL_RADIO_STATION,20250626,1048000,N/A,1750969424691,4,"Arena Rock, Contemporary R&B, Dance, Disco, East Coast Rap, Electronic, Funk, Hip Hop/Rap, Hip-Hop, Music, Old School Rap, Pop, Pop/Rock, Quiet Storm, R&B/Soul, Rap, Rock, Soul","Grandmaster Flash, Melle Mel, Michael Jackson, Survivor, Wang Chung"
EDITORIAL_RADIO_STATION,20250627,4672000,N/A,1751036156293,17,"Adult Alternative, Adult Contemporary, Alternative, Alternative Rap, American Trad Rock, Arena Rock, College Rock, Contemporary Country, Contemporary R&B, Country, Dance, Electronic, Hard Rock, Hip Hop/Rap, Hip-Hop, Honky Tonk, Music, New Wave, Pop, Pop/Rock, Psychedelic, Quiet Storm, R&B/Soul, Rap, Rock, Roots Rock, Soft Rock, Soul, Soundtrack, Urban Cowboy","Beastie Boys, Blondie, Bruce Springsteen, Def Leppard, Dolly Parton, Echo & The Bunnymen, George Michael, John Cougar, Michael Sembello, Midnight Star, Phil Collins, Rick Astley, Rob Base & DJ EZ Rock, Tone-Lōc, Yaz, a-ha"
EDITORIAL_RADIO_STATION,20250707,847000,N/A,1751898766604,4,"Jazz, Music, Pop, Rock","Bryan Adams, Janet Jackson, Keith Jarrett, Phil Collins"
EDITORIAL_RADIO_STATION,20250727,1375000,N/A,1753633606106,6,"Adult Contemporary, Alternative, Britpop, Dance, East Coast Rap, Hardcore Rap, Hip Hop/Rap, Music, New Wave, Pop, Pop/Rock, R&B/Soul, Rock","Bow Wow Wow, Daryl Hall & John Oates, David Bowie, LL COOL J, The Human League, Whitney Houston"
EDITORIAL_RADIO_STATION,20250728,10655000,N/A,1753741250403,43,"Adult Alternative, Adult Contemporary, Alternative, Arena Rock, College Rock, Contemporary R&B, Dance, Disco, East Coast Rap, Electronic, Goth Rock, Hair Metal, Hard Rock, Heavy Metal, Hip Hop/Rap, Hip-Hop, House, Jazz, Music, New Wave, Old School Rap, Pop, Pop/Rock, Punk, R&B/Soul, Rap, Rock, Soft Rock, Soul, Soundtrack, Teen Pop, Vocal Jazz","A Flock of Seagulls, Berlin, Billy Joel, Biz Markie, Bobby McFerrin, Bonnie Tyler, Bruce Springsteen, Chicago, Cyndi Lauper, DEVO, Daryl Hall & John Oates, Eric B. & Rakim, Eurythmics, Foreigner, Frankie Goes to Hollywood, George Michael, Grandmaster Flash, Gregory Abbott, Heavy D & The Boyz, Laura Branigan, Los Lobos, Madonna, Melle Mel, Men At Work, Michael Sembello, Mr. Mister, Pet Shop Boys, Prince & The Revolution, REO Speedwagon, Run-DMC, Scorpions, Shannon, Starship, Survivor, Talk Talk, The Cult, Thomas Dolby, Tina Turner, Toto, U2, Violent Femmes, a-ha"
EDITORIAL_RADIO_STATION,20250729,3205000,N/A,1753818592256,14,"Adult Alternative, Adult Contemporary, Alternative, Arena Rock, College Rock, Contemporary R&B, Dance, Electronic, Hair Metal, Hard Rock, Heavy Metal, Music, New Wave, Pop, Pop/Rock, Psychedelic, R&B/Soul, Rock, Soft Rock, Soul","Belinda Carlisle, Bon Jovi, Dexys Midnight Runners, Duran Duran, Echo & The Bunnymen, Harold Faltermeyer, Huey Lewis and the News, Paul Simon, Phil Collins, Spandau Ballet, The Gap Band, The Outfield, The Pointer Sisters, Whitney Houston"
EDITORIAL_RADIO_STATION,20250731,5137000,N/A,1754000655434,21,"Adult Contemporary, Alternative, Arena Rock, Blues, British Invasion, Country Blues, Dance, Electronic, Hair Metal, Hard Rock, Heavy Metal, Hip Hop/Rap, Music, New Wave, Old School Rap, Pop, Pop/Rock, Psychedelic, Punk, R&B/Soul, Rock, Rock & Roll, Soft Rock, Soul, Soundtrack, Techno","Afrika Bambaataa, Blondie, Def Leppard, Doug E. Fresh, Falco, Fine Young Cannibals, Huey Lewis and the News, Kate Bush, Men At Work, Michael Jackson, Paula Abdul, Pink Floyd, Poison, Prince, Public Enemy, Slick Rick, Steve Winwood, Stevie Nicks, The Bangles, The Clash, The J. Geils Band, The Soulsonic Force, Toni Basil"
"ARTIST_SHUFFLE_RADIO_STATION",20240804,350471,N/A,1722793669318,2,"Hard Rock, Heavy Metal, Music, Rock","From Ashes to New"
"ARTIST_SHUFFLE_RADIO_STATION",20240805,1559532,N/A,1722864293530,8,"Adult Alternative, Adult Contemporary, Alternative, Country, Dance, Electronic, Hard Rock, Heavy Metal, Music, New Wave, Pop, Pop/Rock, Rock, Singer/Songwriter","Cyndi Lauper, From Ashes to New"
"ARTIST_SHUFFLE_RADIO_STATION",20240806,439648,N/A,1722935877967,3,"Hard Rock, Heavy Metal, Music, Rock","Bad Omens, From Ashes to New"
"ARTIST_SHUFFLE_RADIO_STATION",20240807,515097,N/A,1723050911723,3,"Alternative, Heavy Metal, Music, New Wave, Pop, Pop/Rock, Rock","Bad Omens, Cyndi Lauper"
"ARTIST_SHUFFLE_RADIO_STATION",20240808,1584082,N/A,1723145750201,8,"Heavy Metal, Music, Rock","Bad Omens"
"ARTIST_SHUFFLE_RADIO_STATION",20240810,861751,N/A,1723314138030,6,"Heavy Metal, Music, Rock","Bad Omens"
"ARTIST_SHUFFLE_RADIO_STATION",20240811,1309419,N/A,1723404600065,6,"Heavy Metal, Music, Rock","Bad Omens"
"ARTIST_SHUFFLE_RADIO_STATION",20240812,2617078,N/A,1723497919482,17,"Alternative, Country, Death Metal/Black Metal, Heavy Metal, Music, Rock","Paleface Swiss, Rivals, Rivals, The Pretty Wild"
"ARTIST_SHUFFLE_RADIO_STATION",20240813,1871278,N/A,1723576319270,11,"Country, Heavy Metal, Music, Rock","Bad Omens, The Pretty Wild"
"ARTIST_SHUFFLE_RADIO_STATION",20240814,831663,N/A,1723672920608,7,"Country, Music, Pop","Avenue Beat, The Pretty Wild"
"ARTIST_SHUFFLE_RADIO_STATION",20240816,3186521,N/A,1723829626621,17,"Alternative, Hard Rock, Music, Rock","Rivals, Sleep Theory"
"ARTIST_SHUFFLE_RADIO_STATION",20240818,691184,N/A,1724029542591,3,"Heavy Metal, Music, Rock","Bad Omens"
"ARTIST_SHUFFLE_RADIO_STATION",20240819,1069374,N/A,1724110451300,7,"Heavy Metal, Music, Rock","Bad Omens"
"ARTIST_SHUFFLE_RADIO_STATION",20240821,844000,N/A,1724284499292,3,"Adult Contemporary, Music, Pop, Pop/Rock, Soft Rock","Air Supply"
"ARTIST_SHUFFLE_RADIO_STATION",20240822,2864694,N/A,1724338397755,16,"Adult Contemporary, Alternative, Hard Rock, Music, Pop, Pop/Rock, Rock, Soft Rock","Air Supply, FRANK ZUMMO, Sorry X"
"ARTIST_SHUFFLE_RADIO_STATION",20240824,331873,N/A,1724519701824,3,"Alternative, Hip Hop/Rap, Music","Sorry X"
"ARTIST_SHUFFLE_RADIO_STATION",20240826,432294,N/A,1724634594546,3,"Alternative, Hip Hop/Rap, Music","Sorry X"
"ARTIST_SHUFFLE_RADIO_STATION",20240829,984115,N/A,1724935168448,7,"Alternative, Heavy Metal, Hip Hop/Rap, Music, Rock","Future Palace, Sorry X"
"ARTIST_SHUFFLE_RADIO_STATION",20240830,766361,N/A,1725021853953,5,"Christian & Gospel, Hard Rock, Heavy Metal, Latin, Music, Pop in Spanish, Rock","Marcos Witt, Take The Name"
"ARTIST_SHUFFLE_RADIO_STATION",20240905,691538,N/A,1725563201036,6,"Alternative, Heavy Metal, Hip Hop/Rap, Music, Rock","Diggy Graves, Ennaria, Smash Into Pieces"
"ARTIST_SHUFFLE_RADIO_STATION",20240909,192342,N/A,1725920552568,1,"Alternative, Music",Ennaria
"ARTIST_SHUFFLE_RADIO_STATION",20240918,736686,N/A,1726675024500,4,"Heavy Metal, Music, Rock","Bad Omens"
"ARTIST_SHUFFLE_RADIO_STATION",20241002,837734,N/A,1727882907007,4,"Alternative, Dance, Electronic, Hard Rock, Heavy Metal, Music, Punk, Rock","Assemblage 23, Knocked Loose"
"ARTIST_SHUFFLE_RADIO_STATION",20241005,2446318,N/A,1728139623982,8,"Dance, Electronic, Industrial, Music","Assemblage 23"
"ARTIST_SHUFFLE_RADIO_STATION",20241010,2253331,N/A,1728592507663,13,"Dance, Electronic, Industrial, Music, Rock","Apoptygma Berzerk, Assemblage 23"
"ARTIST_SHUFFLE_RADIO_STATION",20241107,955612,N/A,1731014528601,6,"Heavy Metal, Music, Rock","Bad Omens, ERRA"
"ARTIST_SHUFFLE_RADIO_STATION",20250110,973000,N/A,1736529229008,3,"Adult Alternative, Alternative, College Rock, Goth Rock, Music, New Wave, Rock","The Cure"
"ARTIST_SHUFFLE_RADIO_STATION",20250126,11062000,N/A,1737920611872,46,"Alternative, Music, Pop, World",Mecano
"ARTIST_SHUFFLE_RADIO_STATION",20250127,2972000,N/A,1737986649678,13,"Music, Pop",Mecano
"ARTIST_SHUFFLE_RADIO_STATION",20250128,887000,N/A,1738069158967,5,"Music, Pop",Mecano
"ARTIST_SHUFFLE_RADIO_STATION",20250129,5492000,N/A,1738161687892,22,"Music, Pop, Rock",Mecano
"ARTIST_SHUFFLE_RADIO_STATION",20250130,9137000,N/A,1738266279672,38,"Alternative, Music, Pop, Rock, World",Mecano
"ARTIST_SHUFFLE_RADIO_STATION",20250202,2816000,N/A,1738524895598,12,"Music, Pop",Mecano
"ARTIST_SHUFFLE_RADIO_STATION",20250204,3532000,N/A,1738684833474,15,"Music, Pop",Mecano
"ARTIST_SHUFFLE_RADIO_STATION",20250205,3217000,N/A,1738766075008,12,"Hard Rock, Music, Pop, Rock","Def Leppard"
"ARTIST_SHUFFLE_RADIO_STATION",20250211,2352000,N/A,1739287961239,10,"Arena Rock, Hair Metal, Hard Rock, Heavy Metal, Music, Pop, Pop/Rock, Rock","Mecano, Scorpions"
"ARTIST_SHUFFLE_RADIO_STATION",20250219,1574000,N/A,1739975418386,5,"Arena Rock, Hair Metal, Hard Rock, Heavy Metal, Music, Pop, Pop/Rock, Rock",Scorpions
"ARTIST_SHUFFLE_RADIO_STATION",20250220,780000,N/A,1740057979726,4,"Adult Alternative, Arena Rock, Hair Metal, Hard Rock, Heavy Metal, Music, Pop, Pop/Rock, Rock",Scorpions
"ARTIST_SHUFFLE_RADIO_STATION",20250226,1752000,N/A,1740580804753,8,"Music, Pop",Mecano
"ARTIST_SHUFFLE_RADIO_STATION",20250303,2849000,N/A,1741012414201,10,"Hard Rock, Music, Rock","Def Leppard"
"ARTIST_SHUFFLE_RADIO_STATION",20250304,1855000,N/A,1741096040657,7,"Hard Rock, Music, Rock","Def Leppard"
"ARTIST_SHUFFLE_RADIO_STATION",20250305,1034000,N/A,1741180753022,5,"Adult Alternative, Arena Rock, Hair Metal, Hard Rock, Heavy Metal, Music, Pop, Pop/Rock, Rock",Scorpions
"ARTIST_SHUFFLE_RADIO_STATION",20250306,1367000,N/A,1741298406280,7,"Alternative, Music, New Wave, Pop, Pop/Rock, Rock, Standards, Traditional Pop, Vocal, Vocal Pop","Cyndi Lauper"
"ARTIST_SHUFFLE_RADIO_STATION",20250315,2072000,N/A,1742002230986,7,"Adult Alternative, Arena Rock, Hair Metal, Hard Rock, Heavy Metal, Music, Pop, Pop/Rock, Rock",Scorpions
"ARTIST_SHUFFLE_RADIO_STATION",20250323,2617000,N/A,1742774324495,10,"Adult Alternative, Arena Rock, Hair Metal, Hard Rock, Heavy Metal, Music, Pop, Pop/Rock, Rock",Scorpions
"ARTIST_SHUFFLE_RADIO_STATION",20250324,2603000,N/A,1742776539812,10,"Adult Alternative, Alternative, Arena Rock, Grunge, Hair Metal, Hard Rock, Heavy Metal, Music, Pop, Pop/Rock, Rock","Alice In Chains, Scorpions"
"ARTIST_SHUFFLE_RADIO_STATION",20250325,2465000,N/A,1742919878892,10,"Adult Contemporary, Britpop, Dance, Europe, Music, Pop, Pop/Rock, Rock, World","Dancing DJs, Roxette"
"ARTIST_SHUFFLE_RADIO_STATION",20250405,3913000,N/A,1743864818914,17,"Adult Contemporary, Alternative, Dance, Electronic, Music, New Wave, Pop, Pop/Rock, Rock, Standards, Traditional Pop, Vocal, Vocal Pop","Cyndi Lauper"
"ARTIST_SHUFFLE_RADIO_STATION",20250406,1772000,N/A,1743957277563,8,"Adult Alternative, Arena Rock, Hair Metal, Hard Rock, Heavy Metal, Music, Pop, Pop/Rock, Rock",Scorpions
"ARTIST_SHUFFLE_RADIO_STATION",20250407,386000,N/A,1744031585778,2,"Alternative, Music, New Wave, Pop, Pop/Rock, Rock, Standards, Traditional Pop, Vocal, Vocal Pop","Cyndi Lauper"
"ARTIST_SHUFFLE_RADIO_STATION",20250410,55000,N/A,1744284224585,1,"Latin, Latin Urban, Music",Maluma
"ARTIST_SHUFFLE_RADIO_STATION",20250411,790000,N/A,1744377067625,3,"Arena Rock, Hair Metal, Hard Rock, Heavy Metal, Music, Pop, Pop/Rock, Rock",Scorpions
"ARTIST_SHUFFLE_RADIO_STATION",20250412,1396000,N/A,1744468116905,5,"Arena Rock, Hair Metal, Hard Rock, Heavy Metal, Music, Pop, Pop/Rock, Rock",Scorpions
"ARTIST_SHUFFLE_RADIO_STATION",20250413,11683000,N/A,1744574308417,23,"Children's Music, Classical, Music, Opera, Orchestral, Piano, Romantic Era, Violin","Alfred Brendel, Alvar Krieger - Bajo, Antal Doráti, Anton Dermota, Arturo Toscanini, Baltimore Symphony Orchestra, Berliner Philharmoniker, Chamber Orchestra of Europe, Chor der St. Hedwigs-Kathedrale Berlin, Claudio Abbado, Daniel Barenboim, Datty Renn - Soprano, David Zinman, Dietrich Fischer-Dieskau, Elisabeth Schwarzkopf, Elsa Cavelti, Emil Gilels, Ernst Haefliger, Ferdinand Leitner, Ferenc Fricsay, Herbert von Karajan, Hermann Scherchen, Hilary Hahn, Hilde Zadek, Hugh Rosznay - Tenor, Irmgard Seefried, Jacqueline du Pré, Josef Krips, Karel Fichter, Karl Böhm, Konstantin Scherbakov, Konstantin Scherbakov, Piano, London Symphony Orchestra, Lubov Orchestra, Lucerne Festival Choir, Maureen Forrester, Maurizio Pollini, Myriam Loney - Contralto, NBC Symphony Orchestra, Nikolaus Harnoncourt, Otto Edelmann, Paul Schoffler, Philharmonia Orchestra, Philharmonic Orchestra, Pinchas Zukerman, René Leibowitz, Royal Philharmonic Orchestra, Wiener Philharmoniker, Wilhelm Furtwängler, İdil Biret"
"ARTIST_SHUFFLE_RADIO_STATION",20250414,49000,N/A,1744634812692,1,"Arena Rock, Hair Metal, Hard Rock, Heavy Metal, Music, Rock",Scorpions
"ARTIST_SHUFFLE_RADIO_STATION",20250415,890000,N/A,1744733905097,4,"Adult Contemporary, Britpop, Europe, Music, Pop, Pop/Rock, Rock, World",Roxette
"ARTIST_SHUFFLE_RADIO_STATION",20250416,2086000,N/A,1744816744327,9,"Adult Contemporary, Britpop, Europe, Music, Pop, Pop/Rock, Rock, World",Roxette
"ARTIST_SHUFFLE_RADIO_STATION",20250417,907000,N/A,1744913375437,4,"Adult Contemporary, Britpop, Europe, Music, Pop, Pop/Rock, Rock, World",Roxette
"ARTIST_SHUFFLE_RADIO_STATION",20250418,661000,N/A,1744978033628,3,"Adult Contemporary, Britpop, Europe, Music, Pop, Pop/Rock, Rock, World",Roxette
"ARTIST_SHUFFLE_RADIO_STATION",20250422,5271000,N/A,1745337525554,24,"Adult Alternative, Adult Contemporary, Alternative, Dance, Electronic, Music, New Wave, Pop, Pop/Rock, Rock, Singer/Songwriter, Standards, Traditional Pop, Vocal, Vocal Pop","Cyndi Lauper"
"ARTIST_SHUFFLE_RADIO_STATION",20250423,2967000,N/A,1745420376964,15,"Adult Alternative, Adult Contemporary, Alternative, Country, Music, New Wave, Pop, Pop/Rock, Rock, Singer/Songwriter, Standards, Traditional Pop, Vocal, Vocal Pop","Belinda Carlisle, Cyndi Lauper, Dolly Parton"
"ARTIST_SHUFFLE_RADIO_STATION",20250427,1492000,N/A,1745788126656,2,"Classical, Music, Piano, Solo Instrumental","Berliner Philharmoniker, Ferenc Fricsay, Freddy Kempf"
"ARTIST_SHUFFLE_RADIO_STATION",20250428,248000,N/A,1745803938040,1,"Classical, Music","Czech Philharmonic, Russell Sherman, Václav Neumann"
"ARTIST_SHUFFLE_RADIO_STATION",20250502,7198273,N/A,1746215434892,26,"Adult Alternative, Alternative, Bebop, Choral, Classical, Classical Era, Electronic, Electronica, Indie Rock, Jazz, Music, Opera, Pop, Rock, Sacred","Agnes Baltsa, Alberto Lizzio, Anna Tomowa-Sintow, Berliner Philharmoniker, Catherine Wheel, Daniel Barenboim, Foo Fighters, Gabriel Lapierre, Günter von Kannen, Herbert von Karajan, Joan Rodgers, José Van Dam, Lella Cuberli, Mozart Festival Orchestra, Nancy Allen, Nellie Melba, Orpheus Chamber Orchestra, Peter Jankovic, Phyllis Pancella, Portishead, Randall Wolfgang, Renata Modron, Sir John Tomlinson, Susan Palma, Werner Krenn"
"ARTIST_SHUFFLE_RADIO_STATION",20250503,1028476,N/A,1746235397697,4,"Adult Alternative, Bebop, Electronic, Electronica, Jazz, Music, Rock",Portishead
"ARTIST_SHUFFLE_RADIO_STATION",20250504,682000,N/A,1746319286398,2,"Classical, Music, Orchestral","Amadeus Quartet, Elisabeth Schwarzkopf, Elsa Cavelti, Ernst Haefliger, Lucerne Festival Choir, Otto Edelmann, Philharmonia Orchestra, Philharmonic Orchestra, Wilhelm Furtwängler"
"ARTIST_SHUFFLE_RADIO_STATION",20250506,942000,N/A,1746575909489,4,"Adult Alternative, Alternative, Hard Rock, Heavy Metal, Music, Rock",Evanescence
"ARTIST_SHUFFLE_RADIO_STATION",20250507,7977000,N/A,1746660668344,34,"Adult Alternative, Adult Contemporary, Alternative, Britpop, Europe, Hard Rock, Heavy Metal, Music, Pop, Pop/Rock, Rock, World","Evanescence, Roxette"
"ARTIST_SHUFFLE_RADIO_STATION",20250508,7067000,N/A,1746742848450,32,"Adult Contemporary, Britpop, Dance, Europe, Music, Pop, Pop/Rock, Rock, World","Dancing DJs, Roxette"
"ARTIST_SHUFFLE_RADIO_STATION",20250509,1340000,N/A,1746797793387,7,"Adult Contemporary, Britpop, Europe, Music, Pop, Pop/Rock, Rock, World",Roxette
"ARTIST_SHUFFLE_RADIO_STATION",20250514,174000,N/A,1747239459721,1,"Electronic, Music, Pop","Voice Farm"
"ARTIST_SHUFFLE_RADIO_STATION",20250515,371727,N/A,1747271419129,2,"Electronic, Music, Pop","Voice Farm"
"ARTIST_SHUFFLE_RADIO_STATION",20250518,576000,N/A,1747602109044,3,"Music, Pop",Roxette
"ARTIST_SHUFFLE_RADIO_STATION",20250519,3480000,N/A,1747696802579,15,"Adult Contemporary, Latin, Music, Pop, Pop in Spanish","Luis Miguel, Roxette"
"ARTIST_SHUFFLE_RADIO_STATION",20250521,220000,N/A,1747833348949,1,"Music, Pop",Roxette
"ARTIST_SHUFFLE_RADIO_STATION",20250526,3577000,N/A,1748278634220,12,"Arena Rock, Hair Metal, Hard Rock, Heavy Metal, Music, Pop, Pop/Rock, Rock","Bon Jovi, Jennifer Nettles"
"ARTIST_SHUFFLE_RADIO_STATION",20250527,1485000,N/A,1748387644898,6,"Music, Pop",Roxette
"ARTIST_SHUFFLE_RADIO_STATION",20250529,609000,N/A,1748557673530,3,"Music, Pop",Roxette
"ARTIST_SHUFFLE_RADIO_STATION",20250531,259000,N/A,1748726656127,1,"Adult Alternative, Alternative, Grunge, Hard Rock, Heavy Metal, Music, Rock","Alice In Chains"
"ARTIST_SHUFFLE_RADIO_STATION",20250602,195000,N/A,1748870671136,1,"Music, Pop",Roxette
"ARTIST_SHUFFLE_RADIO_STATION",20250605,1998000,N/A,1749127657103,8,"Music, Pop",Roxette
"ARTIST_SHUFFLE_RADIO_STATION",20250606,749000,N/A,1749224757179,4,"Music, Pop",Roxette
"ARTIST_SHUFFLE_RADIO_STATION",20250607,3000000,N/A,1749308794579,12,"Music, Pop",Roxette
"ARTIST_SHUFFLE_RADIO_STATION",20250608,796000,N/A,1749395028635,4,"Dance, Music, Rock","Alice Deejay"
"ARTIST_SHUFFLE_RADIO_STATION",20250609,1095000,N/A,1749513593829,6,"Music, Pop",DNCE
"ARTIST_SHUFFLE_RADIO_STATION",20250610,54000,N/A,1749513648191,1,"Music, Pop",DNCE
"ARTIST_SHUFFLE_RADIO_STATION",20250612,2366000,N/A,1749755739712,9,"Alternative, Music, Pop","Billie Eilish, Roxette"
"ARTIST_SHUFFLE_RADIO_STATION",20250620,2957000,N/A,1750463265519,13,"Music, Pop",Roxette
"ARTIST_SHUFFLE_RADIO_STATION",20250625,1662000,N/A,1750892536078,7,"Music, Pop",Roxette
"ARTIST_SHUFFLE_RADIO_STATION",20250627,2550000,N/A,1751048790526,12,"Music, Pop",Roxette
"ARTIST_SHUFFLE_RADIO_STATION",20250628,3335000,N/A,1751130736643,8,"Classical, Music","Alicia de Larrocha, Arthur Rubinstein, Carlo Maria Giulini, Gilbert Varga, Krystian Zimerman, Lang Lang, Leon Fleisher, Los Angeles Philharmonic, Royal Philharmonic Orchestra, Sequeira Costa, The Philadelphia Orchestra, Wiener Philharmoniker, Zubin Mehta"
"ARTIST_SHUFFLE_RADIO_STATION",20250629,2828000,N/A,1751214269090,12,"Adult Alternative, Adult Contemporary, Alternative, Country, Music, New Wave, Pop, Pop/Rock, Rock, Singer/Songwriter","Cyndi Lauper"
"ARTIST_SHUFFLE_RADIO_STATION",20250630,2222000,N/A,1751289319972,10,"Latin, Music, Pop, Pop in Spanish, Regional Mexicano, South America, World","Los Temerarios"
"ARTIST_SHUFFLE_RADIO_STATION",20250701,4828000,N/A,1751407409183,20,"Music, Pop","Mecano, Roxette"
"ARTIST_SHUFFLE_RADIO_STATION",20250702,2540000,N/A,1751465795290,10,"Music, Pop",Mecano
"ARTIST_SHUFFLE_RADIO_STATION",20250703,4870806,N/A,1751579175703,21,"Alternative, Heavy Metal, Music, Pop, Rock, World","Fear of God, Mecano"
"ARTIST_SHUFFLE_RADIO_STATION",20250704,3880586,N/A,1751636003445,20,"Heavy Metal, Music, Pop, Rock","Fear of God, Mecano"
"ARTIST_SHUFFLE_RADIO_STATION",20250706,2189000,N/A,1751824386610,9,"Alternative, Music, Pop, Rock, World",Mecano
"ARTIST_SHUFFLE_RADIO_STATION",20250707,2113000,N/A,1751896570745,8,"Music, Pop",Mecano
"ARTIST_SHUFFLE_RADIO_STATION",20250708,6135000,N/A,1751994381550,17,"Classical, Classical Era, Music, Opera, Orchestral, Pop","Berliner Philharmoniker, Carlo Maria Giulini, Carlos Unger, Cecilia Bartoli, Daniel Barenboim, David Singer, Joan Rodgers, Kurt Streit, London Philharmonic Orchestra, Mecano, Michele Pertusi, Orpheus Chamber Orchestra, Randall Wolfgang, Stephen Taylor, Steven Dibner, Uwe Heilmann, Vladimir Horowitz, Waltraud Meier, William Purvis, l'Orchestra della Scala di Milano"
"ARTIST_SHUFFLE_RADIO_STATION",20250727,1020000,N/A,1753634147755,5,"Arena Rock, Hard Rock, Heavy Metal, Music, Rock","Ozzy Osbourne"
"ARTIST_SHUFFLE_RADIO_STATION",20250801,242000,N/A,1754090043570,2,"Arena Rock, Hard Rock, Heavy Metal, Music, Rock","Marilyn Manson, Ozzy Osbourne"
QUERY_RADIO_STATION,20240818,305000,N/A,1724015275107,2,"Alternative, Music, New Wave, Pop, Pop/Rock, R&B/Soul, Rock","Level 42, The Go-Go's"
QUERY_RADIO_STATION,20240821,11911000,N/A,1724265593274,59,"Adult Alternative, Alternative, Ambient, Big Band, Celtic, Contemporary Celtic, Dance, Downtempo, Easy Listening, Electronic, Hip Hop/Rap, Indie Pop, Instrumental, Jazz, Lounge, Music, New Age, Pop, R&B/Soul, Rock, Singer/Songwriter, World, Worldbeat","Alex Baker, Alex Lustig, Amiina, Arjuna Oakes, Austin Ward, Barcelona, Bearcubs, Bibio, Bronze Whale, COLCO, Chiiild, Does it matter, Emmit Fenn, Enya, Fejká, Francis Skyes, GLDNHR, HRDY, Haiva Ru, Henry Green, Jades Goudreault, Koresma, LOSY, Lesfm, Malibu, Manatee Commune, Manila Killa, Mazde, Mree, Noonlight, Of The Trees, Oine, PLÜM, Panama, Peter Fenn, Pidovibes, Rubin Henkel, Rue du Soleil, SCayos, STÖY, Seerine, Serebii, Shallou, TWO LANES, Totally Enormous Extinct Dinosaurs, Washed Out, Weval, Yoste, Zachary David, clear eyes, edapollo, ford., slenderbodies, will hyde"
QUERY_RADIO_STATION,20250109,17113000,N/A,1736454963530,64,"Dance, Electronic, House, Music, Rock, Techno, Trance","Above & Beyond, Adara, Alex M.O.R.P.H., Alex Sonata & TheRio, Alexander Popov, Allen Watts, Aly & Fila, Andrew Bayer, Andrew Rayel, Andy Moor, Armin van Buuren, Ashley Wallbridge, Bedrock, Boom Jinx, Bryan Kearney, Capa, Capa (Official), Christina Novelli, Christopher Lawrence, Ciaran McAuley, Ciaran McAuley presents Elï, Cosmic Gate, Cramp, Crowd+Ctrl, DJ T.H., David Frank, David Gravell, Daxson, Denis Kenzo, Different Stage, Duderstadt, Eric Prydz, Farius, Fatum, Ferry Corsten, Gareth Emery, Gid Sedgwick, Giuseppe Ottaviani, Ilan Bluestone, Jason Ross, John 00 Fleming, John Grand, John O'Callaghan, Jordan Suckley, Josep, Karney, Kyau & Albert, LEONARD A, Lake Taro, Leu Leu Land, Maor Levi, Mark Sixma, Markus Schulz, Max Graham, Miss Rodriguez, Neev Kennedy, Nitrous Oxide, Paul Denton, Paul Oakenfold, Paul van Dyk, Rodrigo Deem, Roger Shah, Ronski Speed, Ruben de Ronde, Sarah de Warren, Sean Tyas, Siskin, Sun Decade, Super8 & Tab, Susana, Sveta B., TP, Talla 2XLC, Tiësto, Trancesetters, Ummet Ozcan, Vincent Corver, XiJaro & Pitch, grum, nilsix, Ørjan Nilsen"
QUERY_RADIO_STATION,20250117,854000,N/A,1737151067894,3,"Dance, Music, Trance","Kudus, Sied van Riel, Siskin, Ummet Ozcan"
QUERY_RADIO_STATION,20250118,6044000,N/A,1737242890682,25,"Dance, Electronic, House, Music, Trance","Above & Beyond, Alex Sonata & TheRio, Alexander Popov, Aly & Fila, Andrew Rayel, Armin van Buuren, Bryan Kearney, Cari, Craig Connelly, David Gravell, Denis Kenzo, Dennis Sheperd, Driftmoon, Evan Henzi, Farius, Fehrplay, Florida Forgotten, Gabriel & Dresden, Giuseppe Ottaviani, HALIENE, Jesabel, Johan Vilborg, Jonathan Mendelsohn, Markus Schulz, Morgin Madison, Omnia, Paul van Dyk, Plumb, Ruben de Ronde, Sebjak, Solarstone, SØNIN"
QUERY_RADIO_STATION,20250119,1443000,N/A,1737321154189,6,"Dance, Electronic, House, Music, Trance","Andrew Bayer, Christina Novelli, Dash Berlin, Ilan Bluestone, Jaytech, Maor Levi, Roxanne Emery, Susie Ledge, Ørjan Nilsen"
QUERY_RADIO_STATION,20250121,4545000,N/A,1737490828382,19,"Adult Alternative, Adult Contemporary, Alternative, Arena Rock, College Rock, Contemporary R&B, Dance, Electronic, Funk, Music, New Wave, Pop, Pop/Rock, R&B/Soul, Rock, Teen Pop","Bananarama, Duran Duran, Echo & The Bunnymen, Laura Branigan, Madonna, Men At Work, Mike + The Mechanics, Olivia Newton-John, Orchestral Manoeuvres In the Dark, Ready for the World, Rick Springfield, Samantha Fox, Scandal, Simple Minds, Tears for Fears, The Bangles, The Go-Go's, Tiffany, Wang Chung"
QUERY_RADIO_STATION,20250124,1619000,N/A,1737740610300,8,"Adult Alternative, Alternative, Britpop, Contemporary R&B, Dance, Disco, Motown, Music, New Wave, Pop, Pop/Rock, Punk, Quiet Storm, R&B/Soul, Rock, Soul","Blondie, Cyndi Lauper, DEVO, Diana Ross, Men Without Hats, Prince & The Revolution, Soft Cell, The Human League"
QUERY_RADIO_STATION,20250129,358000,N/A,1738187767650,2,"Dance, Electronic, Music, Trance","John 00 Fleming, Matt Fax"
QUERY_RADIO_STATION,20250203,61000,N/A,1738552834706,1,"Dance, Music, Trance",Farius
QUERY_RADIO_STATION,20250207,1432000,N/A,1738887690174,6,"Dance, Music, Trance","Andrew Rayel, Harry Diamond, Jilliana Danise, K-MRK, Marco V, Max Vangeli, Paul Denton, Sean Tyas, Talla 2XLC"
QUERY_RADIO_STATION,20250211,4256000,N/A,1739294227274,18,"Adult Alternative, Adult Contemporary, Alternative, Arena Rock, College Rock, Dance, Electronic, Hair Metal, Hard Rock, Heavy Metal, House, Music, New Wave, Pop, Pop/Rock, Rock, Teen Pop","Bananarama, Billy Idol, Bon Jovi, Dexys Midnight Runners, Eddie Money, Eurythmics, George Michael, John Cougar, Kenny Loggins, Kevin Rowland, Madonna, Stacey Q, Talking Heads, The B-52's, The J. Geils Band, Tiffany, Tommy Tutone, Wang Chung, Wham!"
QUERY_RADIO_STATION,20250225,197000,N/A,1740499445791,2,"Music, Pop","Los Elegantes, Taburete"
QUERY_RADIO_STATION,20250228,1153000,N/A,1740777274916,6,"Dance, Electronic, House, Music, Trance","Adara, Dash Berlin, Daxson, Dennis Sheperd, Jaytech, Morgin Madison, Nino Lucarelli, Roxanne Emery, XiJaro & Pitch"
QUERY_RADIO_STATION,20250302,2505000,N/A,1740956199194,12,"Dance, Electronic, House, Music, Trance","Alex M.O.R.P.H., Amy Wiles, AmyElle, Corren Cavini, Estiva, Greg Oakland, JS, Kudus, Lewyn, Luminn, Matt Fax, NAZ, Ruben de Ronde, Super8 & Tab, SØNIN, Tara Louise"
QUERY_RADIO_STATION,20250306,1199000,N/A,1741299708297,5,"Dance, Electronic, Music, Trance","Above & Beyond, Factor B, OceanLab, Robbie Rivera, The Palindromes, nilsix"
QUERY_RADIO_STATION,20250307,2075000,N/A,1741365419269,8,"Dance, Electronic, Music, Trance","Alex Sonata & TheRio, Andrew Rayel, Cari, Christina Novelli, Craig Connelly, DJ T.H., David Broaders, Driftmoon, Ronski Speed, Sarah Howells, Solarstone, Stine Grove, Sun Decade, Susie Ledge"
QUERY_RADIO_STATION,20250308,58000,N/A,1741448178988,1,"Dance, Music, Trance","Jon Mangan"
QUERY_RADIO_STATION,20250311,1552000,N/A,1741714264683,7,"Adult Alternative, Adult Contemporary, Alternative, Arena Rock, Dance, Electronic, Music, New Wave, Pop, Pop/Rock, Rock, Teen Pop","Depeche Mode, Huey Lewis and the News, Kajagoogoo, Kim Wilde, Madness, The Jets, Tiffany"
QUERY_RADIO_STATION,20250316,439000,N/A,1742083802165,2,"Dance, Music, Trance","Diandra Faye, Ferry Corsten, Harry Diamond, K-MRK"
QUERY_RADIO_STATION,20250318,1567000,N/A,1742323295320,6,"Dance, Music, Pop, Trance","Aly & Fila, Asteroid, Chapter 47, Jesabel, Perasma, Richard Bedford, Simon Patterson, Talla 2XLC"
QUERY_RADIO_STATION,20250324,2323000,N/A,1742832005666,9,"Dance, Electronic, House, Music, Trance","Andrea Ribeca, Armin van Buuren, Crowd+Ctrl, Dan Zamani, Dennis Sheperd, Florida Forgotten, Markus Schulz, Paul Denton, Roger Shah, Super8 & Tab, Tim Taylor (Missile Records), Yantra, Yelow, atDusk"
QUERY_RADIO_STATION,20250325,2294000,N/A,1742936544415,12,"Dance, Electronic, House, Music, Trance","Above & Beyond, Ben Gold, Claus Backslash, Cosmic Baby, Dash Berlin, Daxson, EGGSTA, Evan Henzi, LEONARD A, Mark Sixma, Rigby, Rodrigo Deem, Solarstone, Triode, ZOYA, nilsix, Ørjan Nilsen"
QUERY_RADIO_STATION,20250326,3130000,N/A,1742996302487,14,"Dance, Electronic, House, Music, Trance","Alessandra Roncone, Chris Element, Craig Connelly, Damyara, Farius, HALIENE, Hal Stucker, Jason Ross, Lasada, Laura Van Dam, Matt Fax, Maxim Lany, NAZ, Paul van Dyk, Rafael Osmo, Renegade System, Siskin, Susie Ledge, Xijaro, atDusk"
QUERY_RADIO_STATION,20250327,191000,N/A,1743119928584,1,"Dance, Music, Trance",Driftmoon
QUERY_RADIO_STATION,20250328,7172000,N/A,1743206049374,29,"Dance, Electronic, House, Music, Techno, Trance","Alchimyst, Alessia Labate, Alex Sonata & TheRio, Aly & Fila, Amy Wiles, Andrew Rayel, Armin van Buuren, Audrey Gallagher, Bedrock, Billy Gillies, Bixx, Cari, Christina Novelli, Christopher Lawrence, Ciaran McAuley, Clara Yates, Cold Blue, Dennis Sheperd, Dustin Husain, Elevven, Fatum, Fisherman, Gareth Emery, Giuseppe Ottaviani, Jaytech, Kyau & Albert, Mark Sherry, Mark Sixma, Miss Rodriguez, MurZo, Natalie Gioia, Paul van Dyk, Peetu S, Roger Shah, Sarah de Warren, Solarstone, Trancesetters, XiJaro & Pitch, Yelow, nilsix, Ørjan Nilsen"
QUERY_RADIO_STATION,20250329,3429000,N/A,1743209477815,14,"Dance, Electronic, House, Music, Trance","AK, Alex Kunnari, Alex M.O.R.P.H., Dash Berlin, Daxson, Estiva, Evan Henzi, Gabriel & Dresden, Luke Bond, Luminn, Naama Hillman, Robbie Rivera, Roxanne Emery, Ruben de Ronde, Super8 & Tab, Talla 2XLC, Tiësto, atDusk, Ørjan Nilsen"
QUERY_RADIO_STATION,20250406,1113000,N/A,1743968211377,5,"Dance, Electronic, Music, Trance","DJ T.H., Driftmoon, Emma Hewitt, Factor B, Gareth Emery, Mikkas, Ronski Speed, Sarah Howells, Sun Decade"
QUERY_RADIO_STATION,20250407,5604000,N/A,1744069792897,26,"Dance, Electronic, Music, Trance","Adrian Boland, Alex Sonata & TheRio, Amos & Riot Night, Andrew Rayel, Asteroid, Ben Gold, Christina Novelli, Cosmic Gate, Cramp, DT8 Project, David Forbes, Deirdre McLaughlin, Eric Prydz, Ferry Corsten, Fisherman, Gid Sedgwick, Giuseppe Ottaviani, Harry Diamond, Inrayzex, John O'Callaghan, Jon Mangan, K-MRK, Kudus, Markus Schulz, Paul Denton, Paul van Dyk, Plumb, Sied van Riel, Simon Patterson, Solarstone, Susana, Susie Ledge, The Palindromes, Ummet Ozcan, William Schneider, nilsix"
QUERY_RADIO_STATION,20250416,142000,N/A,1744811382499,3,"Dance, House, Music, Trance","Andrew Bayer, Dan Zamani, Gabriel & Dresden, Tim Taylor (Missile Records), Yantra"
QUERY_RADIO_STATION,20250420,1270000,N/A,1745109421967,6,"Dance, Electronic, House, Music, Trance","Above & Beyond, Aly & Fila, Ciaran McAuley, Crowd+Ctrl, Linney, Morgin Madison, Super8 & Tab, Talla 2XLC"
QUERY_RADIO_STATION,20250423,2953000,N/A,1745440354967,14,"Dance, Electronic, House, Music, Trance","Adara, Cari, Chris Element, Craig Connelly, Daxson, Dennis Sheperd, Farius, Florida Forgotten, Ilan Bluestone, JS, John Grand, John O'Callaghan, LEONARD A, Lewyn, NAZ, Rodrigo Deem, Solarstone, SØNIN, XiJaro & Pitch, Xijaro, atDusk"
QUERY_RADIO_STATION,20250426,1879000,N/A,1745711641632,8,"Dance, House, Music, Trance","Alessandra Roncone, Diandra Faye, EGGSTA, Ferry Corsten, Jaytech, Mark Sixma, Markus Schulz, Matt Fax, Triode, nilsix, Ørjan Nilsen"
QUERY_RADIO_STATION,20250427,5438000,N/A,1745786634797,24,"Dance, Electronic, House, Music, Pop, Trance","Alex Sonata & TheRio, Alexander Popov, Aly & Fila, Amy Wiles, AmyElle, Andrea Ribeca, Axis, Chapter 47, Cosmic Baby, Craig Connelly, Damyara, Dash Berlin, Driftmoon, Elevven, Estiva, Farius, Kudus, Kyau & Albert, Lasada, Laura Van Dam, Miss Rodriguez, MurZo, Perasma, Renegade System, Richard Bedford, Roger Shah, SCHALA, SIR NOTCH, Solarstone, Stine Grove, The Blizzard, Yelow, ZOYA"
QUERY_RADIO_STATION,20250503,3493000,N/A,1746289606858,16,"Dance, Electronic, House, Music, Trance","Above & Beyond, Audrey Gallagher, Ben Gold, C-Systems, Cari, Christina Novelli, Cold Blue, Dennis Sheperd, Fatum, Greg Oakland, Hal Stucker, Jaytech, Mark Sherry, Mark Sixma, NAZ, Nino Lucarelli, Paul van Dyk, Peetu S, Robbie Rivera, Roger Shah, Sarah de Warren, Siskin, Susie Ledge, Tara Louise, XiJaro & Pitch, Yelow, nilsix, Ørjan Nilsen"
QUERY_RADIO_STATION,20250504,539000,N/A,1746318604519,3,"Dance, Music, Trance","Alex M.O.R.P.H., David Broaders, Farius, Luminn"
QUERY_RADIO_STATION,20250521,453000,N/A,1747833129286,3,"Adult Alternative, Adult Contemporary, Alternative, Electronic, Hard Rock, Heavy Metal, Industrial, Music, New Wave, Pop, Pop/Rock, R&B/Soul, Rock, Soul","Culture Club, Mr. Mister, Nine Inch Nails"
QUERY_RADIO_STATION,20250525,310000,N/A,1748133113551,2,"Contemporary R&B, Dance, Electronic, Music, R&B/Soul, Rock","Nu Shooz, The Time"
QUERY_RADIO_STATION,20250526,3749000,N/A,1748290881437,16,"Arena Rock, Dance, Electronic, Hair Metal, Hard Rock, Heavy Metal, House, Music, Rock, Techno, Trance","ALPHA 9, Daxson, Estiva, Evan Henzi, Harry Diamond, John Grand, John O'Callaghan, Jon Mangan, K-MRK, Kudus, LEONARD A, Matt Fax, Maxim Lany, Rodrigo Deem, Scorpions, Scorz, Solarstone, Super8 & Tab, Talla 2XLC, Trancesetters, atDusk"
QUERY_RADIO_STATION,20250527,1043000,N/A,1748381053799,4,"Dance, Electronic, Music, Trance","Alex Sonata & TheRio, Dennis Sheperd, Florida Forgotten, Jesabel, Markus Schulz"
QUERY_RADIO_STATION,20250528,6886000,N/A,1748413512166,19,"Ambient, Downtempo, Electronic, Instrumental, Meditation, Music, New Age, Relaxation","ASTRON, Arbee, Bunraku, Celestial Whisperer, Chihei Hatakeyama, DCT, Dean Evenson, Deep Watch, Gallery Six, Jordan Christoff, Memory Bliss, Neural Oscillations, Paul Avgerinos, Reflecting Light, Serkan Sönmezocak, TRANQL, Tom Middleton, Warmth, xerLK"
QUERY_RADIO_STATION,20250531,1062000,N/A,1748710464380,4,"Contemporary R&B, Dance, Electronic, Hip Hop/Rap, Hip-Hop, House, Jazz, Music, Pop, R&B/Soul, Rap, Rock, Underground Rap","Black Box, C+C Music Factory, Kris Kross, Us3"
QUERY_RADIO_STATION,20250603,2264000,N/A,1748986303295,10,"Adult Contemporary, Alternative, Contemporary R&B, Dance, Funk, Hard Rock, Music, New Wave, Pop, Pop/Rock, Quiet Storm, R&B/Soul, Rock","Def Leppard, John Cougar, Kenny Loggins, Madonna, Prince, Prince & The Revolution, Rick James, Rick Springfield, The J. Geils Band, Wham!"
QUERY_RADIO_STATION,20250604,5278000,N/A,1749078290989,24,"Dance, Electronic, House, Music, Trance","Above & Beyond, Adara, Alex M.O.R.P.H., Amy Wiles, Andrew Rayel, Chris Element, Christina Novelli, Craig Connelly, Dash Berlin, David Broaders, Factor B, Farius, Giuseppe Ottaviani, HANA, JS, Jaytech, Kyau & Albert, Lasada, Luminn, Mark Sixma, Miss Rodriguez, Morgin Madison, MurZo, Robbie Rivera, Roger Shah, Roxanne Emery, Ruben de Ronde, Sarah de Warren, SØNIN, The Palindromes, XiJaro & Pitch, Yelow, nilsix, Ørjan Nilsen"
QUERY_RADIO_STATION,20250605,2126000,N/A,1749162388513,9,"Dance, Electronic, Music, Trance","Adrian Boland, Amos & Riot Night, Andrew Bayer, Cosmic Gate, Crowd+Ctrl, Diandra Faye, Driftmoon, Ferry Corsten, Fisherman, Gabriel & Dresden, Gid Sedgwick, Greg Oakland, Oliver Smith, Sarah Howells, Super8 & Tab, Tara Louise, Tom Bailey"
QUERY_RADIO_STATION,20250608,3491000,N/A,1749400938743,14,"Dance, Dirty South, Electronic, Hip Hop/Rap, Music, Pop, Rock, Trance","Audrey Gallagher, Bedrock, Cari, Cold Blue, Cosmic Baby, Craig Connelly, Crush, DT8 Project, Dennis Sheperd, Freak Nasty, Loleatta Holloway, Marky Mark and the Funky Bunch, Nino Lucarelli, Snap!, Solarstone, Stine Grove, Technotronic, Triode, Xijaro"
QUERY_RADIO_STATION,20250610,3633000,N/A,1749562928137,15,"Adult Alternative, Contemporary R&B, Dance, Dirty South, Electronic, Gangsta Rap, Hardcore Rap, Hip Hop/Rap, Hip-Hop, House, Music, Pop, R&B/Soul, Rap, Rock, West Coast Rap","95 South, Bingoboys, Captain Hollywood Project, Crystal Waters, En Vogue, House of Pain, La Bouche, MC Hammer, No Mercy, Planet Soul, Republica, Robin S., Roula, Sir Mix-A-Lot, Sunscreem"
QUERY_RADIO_STATION,20250611,2410000,N/A,1749649792077,10,"Contemporary R&B, Dance, Electronic, Hip Hop/Rap, House, Music, Pop, Pop/Rock, R&B/Soul, Rock, Techno","2 Unlimited, CeCe Peniston, Corona, Heavy D & The Boyz, Londonbeat, Madonna, Real McCoy, Salt-N-Pepa, Spice Girls, The Bucketheads"
QUERY_RADIO_STATION,20250612,9273000,N/A,1749753325876,38,"Adult Alternative, Adult Contemporary, Alternative, Bebop, Britpop, Contemporary R&B, Dance, Electronic, Electronica, Hip Hop/Rap, Hip-Hop, House, Indie Rock, Jazz, Music, New Wave, Pop, Pop/Rock, R&B/Soul, Rap, Rock, Soul, Techno","69 Boyz, 740 Boyz, Ace of Base, Alexia, Alice Deejay, Ann Lee, Aqua, C+C Music Factory, Chumbawamba, Corina, Crystal Waters, Culture Beat, DJ Company, Daft Punk, Duran Duran, EMF, Ice MC, Jennifer Lopez, Jocelyn Enriquez, La Bouche, Le Click, Livin' Joy, MC Hammer, Madonna, Naughty By Nature, Netzwerk, Pretty Poison, Right Said Fred, Robert Haynes, RuPaul, Snap!, Tag Team, Tara Kemp, Teena Marie, The Movement, The Outhere Brothers, The Shamen, The Tamperer, Wreckx-n-Effect"
QUERY_RADIO_STATION,20250613,1730000,N/A,1749833304267,7,"Britpop, Dance, Electronic, House, Music, Pop, Rock","Amber, Cynthia, Doop, Eiffel 65, Linear, Sonique, Whigfield"
QUERY_RADIO_STATION,20250614,813000,N/A,1749929476442,4,"Dance, Electronic, House, Music, Pop, Rock","Ace of Base, M People, MC Sar & The Real McCoy, The KLF"
QUERY_RADIO_STATION,20250616,651000,N/A,1750078759289,3,"Dance, Latin, Music, Pop, Salsa y Tropical","N-Trance, N/A, Snap!"
QUERY_RADIO_STATION,20250622,1936000,N/A,1750607242903,7,"Britpop, Dance, Electronic, Electronica, Hip Hop/Rap, House, Music, Pop, Pop/Rock, R&B/Soul, Rock, Techno","2 Unlimited, Black Box, Fun Factory, Livin' Joy, MC Hammer, Rednex, Saint Etienne"
QUERY_RADIO_STATION,20250625,486000,N/A,1750867038606,2,"Arena Rock, Bebop, Breakbeat, Contemporary R&B, Dance, Electronic, Electronica, House, Jazz, Music, Pop, Pop/Rock, R&B/Soul, Rock, Soft Rock, Southern Rock","Bell Biv DeVoe, The Chemical Brothers"
QUERY_RADIO_STATION,20250628,1649000,N/A,1751127399886,6,"Dance, Electronic, Music, Pop, Trance","Bonobo, Cramp, EGGSTA, Markus Schulz, Perasma, ZOYA"
QUERY_RADIO_STATION,20250707,5689000,N/A,1751856257550,16,"Ambient, Easy Listening, Electronic, Electronica, Instrumental, Meditation, Music, New Age, Relaxation","Aaron Martin, Alaskan Tapes, Arbee, Chris Hyson, Dean Evenson, Deepspace, Echo Grid, Emerald High, Gallery Six, Healing Meditation Zone, Jordan Christoff, Paul Avgerinos, Porya Hatami, Roberto Attanasio, Sleepy Night Music, The Future Sound of XYZ, Warmth, chillchild"
EDITORIAL_PLAYLIST,20240803,508970,N/A,1722719397859,3,"Music, Pop","Britney Spears, Elton John, Kim Petras, Sam Smith"
EDITORIAL_PLAYLIST,20240808,652445,N/A,1723137482223,2,"Dance, Music, Trance","Three Drives On a Vinyl"
EDITORIAL_PLAYLIST,20240813,871279,N/A,1723589683319,4,"Alternative, Music, Pop","David Guetta, Melanie Martinez, Tate McRae, Tyla, Zara Larsson"
EDITORIAL_PLAYLIST,20240814,360143,N/A,1723671842030,2,"Music, Pop, Singer/Songwriter","Ava Max, Stephen Sanchez"
EDITORIAL_PLAYLIST,20240817,346623,N/A,1723906920296,1,"Dance, Music, Trance","Three Drives On a Vinyl"
EDITORIAL_PLAYLIST,20240818,34383,N/A,1723998369956,1,"Music, Pop, Pop/Rock, R&B/Soul, Rock","Bruno Mars"
EDITORIAL_PLAYLIST,20240819,30052,N/A,1724111405732,1,"Contemporary R&B, Music, R&B/Soul, Rock",Akon
EDITORIAL_PLAYLIST,20240820,495763,N/A,1724198323818,3,"Dance, Electronic, Music, Pop, Trance","*NSYNC, Markus Schulz, Three Drives On a Vinyl"
EDITORIAL_PLAYLIST,20240821,1052389,N/A,1724261864859,4,"Dance, Electronic, Music, Trance","Alice Deejay, DJ Sammy, Markus Schulz, Three Drives On a Vinyl, Yanou"
EDITORIAL_PLAYLIST,20240823,110989,N/A,1724427388307,1,"Music, Pop","*NSYNC"
EDITORIAL_PLAYLIST,20240830,440487,N/A,1725022305456,2,"Alternative, Electronic, Music",CHVRCHES
EDITORIAL_PLAYLIST,20240831,1135807,N/A,1725147067771,5,"Alternative, Electronic, Music",CHVRCHES
EDITORIAL_PLAYLIST,20240905,54405,N/A,1725562414613,1,"Alternative, Music",CHVRCHES
EDITORIAL_PLAYLIST,20241003,472206,N/A,1727999870088,2,"Dance, Hip Hop/Rap, Music, Pop","Lady Gaga, OutKast"
EDITORIAL_PLAYLIST,20241004,464340,N/A,1728001802008,3,"Alternative, Dirty South, Hip Hop/Rap, Music, Pop","Flo Rida, Lorde"
EDITORIAL_PLAYLIST,20241031,758586,N/A,1730404209305,5,"Children's Music, Halloween, Holiday, Music, Pop, R&B/Soul","Andrew Gold, Michael Jackson, Rockwell"
EDITORIAL_PLAYLIST,20241230,2269726,N/A,1735575759415,11,"Alternative, Electronic, Music, New Wave, Rock",CHVRCHES
EDITORIAL_PLAYLIST,20250117,1379000,N/A,1737143012538,6,"Alternative & Rock in Spanish, Britpop, Latin, Music, Pop, Pop in Spanish, Rock","Alaska y Los Pegamoides, Joaquín Sabina, Mecano, Miguel Bosé, Radio Futura, Tino Casal"
EDITORIAL_PLAYLIST,20250118,196000,N/A,1737236792173,2,"Latin, Music, Pop","KAROL G, Tiago PZK"
EDITORIAL_PLAYLIST,20250205,1890000,N/A,1738762859103,8,"Adult Contemporary, Alternative, Arena Rock, Dance, Music, New Wave, Pop, Pop/Rock, Rock, Soft Rock","Bobby Brown, George Michael, Michael Jackson, Prince & The Revolution, Rick Astley, Tears for Fears, Toto, a-ha"
EDITORIAL_PLAYLIST,20250308,32019000,N/A,1741458479134,174,"Ambient, Classical, Classical Crossover, Classical Era, Downtempo, Electronic, Instrumental, Music, Nature, New Age, Orchestral, Pop, Relaxation, World","ALLUMARE, AQUINE, ARCO, Academy of St Martin in the Fields, Alba Joy, Aloen, Arcadian Drift, Astral Perfection, Aureolin Sky, Azaria Sky, Beddis Tides, Calla Koru, Calm Comfort, Calmwave, Canopi, Celedon, Clear Water, Cloud Canopy, Cora, Cosmic Acres, Cumulus Flow, Dennis Lloyd, Disal, Dream Diver, Dream Park, Dreamcloud Haze, Farelane, Field Journal, Forest Halo, Gentle Skies, Golden Slumber, Haelmoon, Holistic Transition, Juna, Kinoko, Kinsun, LAVVENDAH, Leilạni, Lianas, Lumin, Luminous Hymn, Lyra's Dream, Nature Tones, Nirvana Nada, Nordic Lights, OCEANO, Ojochal, Okami Sky, Orchid Swoon, Osa, Peaceful Path, Personal Effects, Plenitude, Quiet Climb, Raena, Rain4Rest, Riva G, SOVAS, SOVN, Scottish Chamber Orchestra, Silent Movement, Sir Charles Mackerras, Sir Neville Marriner, Sky Drift, Skye Valley, Sleep Music Stories, Sleep Symphony, Sleep Terrarium, Snoozy, Solace Moon, Soleane, Somnolent, Sound Bath, Spectrum Voyage, Spiritual Embrace, TRANQL, Tala Sky, The Deep Sleep Scientists, The Silent Ocean, The Sound of Quiet, Treehouse Studios, Tulving, United Nature, WAVELAB, Waves Eternal, dream reflections, kindred clouds, oh, the joy., soundscapes of peace, yoneiu"
EDITORIAL_PLAYLIST,20250309,4777000,N/A,1741561950626,16,"Classical, Classical Era, Music, Opera, Orchestral, Piano, Solo Instrumental","Academy of St Martin in the Fields, Arnold Schoenberg Choir, Bryn Terfel, Cecilia Bartoli, Concentus Musicus Wien, Erwin Ortner, François-Xavier Roth, Hilary Hahn, Insula Orchestra, John Constable, Lars Vogt, Laurence Equilbey, Lea Desandre, Leif Ove Andsnes, Les Siècles, London Philharmonic Orchestra, London Symphony Chorus, London Symphony Orchestra, Mahler Chamber Orchestra, Mitsuko Uchida, Myung-Whun Chung, Natalie Zhu, Nikolaus Harnoncourt, Noriko Ogawa, Nuccia Focile, Orchestra dell'Accademia Nazionale di Santa Cecilia, Orchestre de chambre de Paris, Pygmalion, Raphaël Pichon, Raphaël Sévère, Riccardo Muti, Sabine Devieilhe, Scottish Chamber Orchestra, Sir Charles Mackerras, Sir Colin Davis, Sir Georg Solti, Sir Neville Marriner, Vanessa Wagner, Wiener Philharmoniker"
EDITORIAL_PLAYLIST,20250320,4792000,N/A,1742508295755,15,"Classical, Classical Era, Music, Opera, Orchestral, Piano, Solo Instrumental","Academy of St Martin in the Fields, Arnold Schoenberg Choir, Bryn Terfel, Cecilia Bartoli, Concentus Musicus Wien, Erwin Ortner, François-Xavier Roth, Hilary Hahn, Insula Orchestra, John Constable, Lars Vogt, Laurence Equilbey, Lea Desandre, Leif Ove Andsnes, Les Siècles, London Philharmonic Orchestra, London Symphony Chorus, London Symphony Orchestra, Mahler Chamber Orchestra, Mitsuko Uchida, Myung-Whun Chung, Natalie Zhu, Nikolaus Harnoncourt, Noriko Ogawa, Nuccia Focile, Orchestra dell'Accademia Nazionale di Santa Cecilia, Orchestre de chambre de Paris, Raphaël Sévère, Riccardo Muti, Scottish Chamber Orchestra, Sir Charles Mackerras, Sir Colin Davis, Sir Georg Solti, Sir Neville Marriner, Vanessa Wagner, Wiener Philharmoniker"
EDITORIAL_PLAYLIST,20250401,2558000,N/A,1743538616319,11,"Adult Alternative, Alternative, Electronic, Indie Rock, Music, New Wave, Pop, Pop/Rock, Rock","Orchestral Manoeuvres In the Dark, The Afghan Whigs"
EDITORIAL_PLAYLIST,20250402,1331752,N/A,1743612177236,7,"Adult Alternative, Alternative, Grunge, Hard Rock, Indie Rock, Music, Pop, Rock","The Afghan Whigs"
EDITORIAL_PLAYLIST,20250403,2523536,N/A,1743698654072,11,"Adult Alternative, Alternative, Grunge, Hard Rock, Indie Rock, Music, Pop, Rock","The Afghan Whigs"
EDITORIAL_PLAYLIST,20250404,6035058,N/A,1743788535682,26,"Adult Alternative, Alternative, Grunge, Hard Rock, Indie Rock, Music, Pop, Rock","The Afghan Whigs"
EDITORIAL_PLAYLIST,20250405,3417336,N/A,1743871996340,15,"Adult Alternative, Alternative, Grunge, Hard Rock, Indie Rock, Music, Pop, Rock","The Afghan Whigs"
EDITORIAL_PLAYLIST,20250406,88443,N/A,1743901509587,1,"Alternative, Music, Rock","The Afghan Whigs"
EDITORIAL_PLAYLIST,20250410,1661000,N/A,1744318866710,5,"Classical, Classical Era, Music, Orchestral, Piano","Academy of St Martin in the Fields, François-Xavier Roth, Lars Vogt, Les Siècles, Mitsuko Uchida, Orchestre de chambre de Paris, Raphaël Sévère, Scottish Chamber Orchestra, Sir Charles Mackerras, Sir Neville Marriner, Vanessa Wagner"
EDITORIAL_PLAYLIST,20250413,584000,N/A,1744562366464,2,"Classical, Classical Era, Music, Orchestral","Academy of St Martin in the Fields, Scottish Chamber Orchestra, Sir Charles Mackerras, Sir Neville Marriner"
EDITORIAL_PLAYLIST,20250415,5670000,N/A,1744742311905,18,"Classical, Classical Era, Music, Opera, Orchestral, Piano, Solo Instrumental","Academy of St Martin in the Fields, Arnold Schoenberg Choir, Bryn Terfel, Cecilia Bartoli, Claudio Abbado, Concentus Musicus Wien, Coro Dell'Accademia Nazionale Di Santa Cecilia, Erwin Ortner, François-Xavier Roth, Friedrich Gulda, Hilary Hahn, Insula Orchestra, John Constable, Lars Vogt, Laurence Equilbey, Lea Desandre, Leif Ove Andsnes, Les Siècles, London Philharmonic Orchestra, London Symphony Chorus, London Symphony Orchestra, Mahler Chamber Orchestra, Mitsuko Uchida, Myung-Whun Chung, Natalie Zhu, Nikolaus Harnoncourt, Noriko Ogawa, Nuccia Focile, Orchestra dell'Accademia Nazionale di Santa Cecilia, Orchestre de chambre de Paris, Pygmalion, Raphaël Pichon, Raphaël Sévère, Riccardo Muti, Roberto Gabbiani, Sabine Devieilhe, Scottish Chamber Orchestra, Sir Charles Mackerras, Sir Colin Davis, Sir Georg Solti, Sir Neville Marriner, Vanessa Wagner, Wiener Philharmoniker"
EDITORIAL_PLAYLIST,20250416,483000,N/A,1744811229274,2,"Adult Alternative, Alternative, Electronic, Music, New Wave, Pop, Pop/Rock, Rock","Orchestral Manoeuvres In the Dark"
EDITORIAL_PLAYLIST,20250422,153000,N/A,1745328494242,1,"Heavy Metal, Music, Rock","Bad Omens"
EDITORIAL_PLAYLIST,20250515,3083405,N/A,1747317951253,13,"Classical, Classical Crossover, Jazz, Music","Chad Lawson, Dustin O'Halloran, Hania Rani, James Southall, Lambert, N/A, Royal Philharmonic Orchestra, SOHN, Sophie Hutchings, Ólafur Arnalds"
EDITORIAL_PLAYLIST,20250516,1818545,N/A,1747414453030,9,"Classical, Classical Crossover, Music","Chad Lawson, James Southall, Royal Philharmonic Orchestra, Ólafur Arnalds"
EDITORIAL_PLAYLIST,20250517,4691567,N/A,1747499945764,31,"Alternative, Ambient, Classical, Classical Crossover, Dance, Electronic, Electronica, Hip Hop/Rap, Hip-Hop, House, Indie Rock, Instrumental, Music, Pop, Rock","Adele Roberts, Bob Bradley, David John Walker, David Stephen Westlake, Driftwood, Even Sarucco, Finlay Woolfson, Gabriel May, Harry T Croxford, Iain Prasad Mahanty, Ian Van Dahl, Katherine F Martin, La Bouche, Marc Williams, Matthew Sanchez, Nicholas Sillitoe, Nicolas Phillimore Dagnall, Rainman, Rhiannon Mair Gray, Rohan Jones, Sam Dodson, Sebastian David Vyvyan Vivian, Steve Fawcett, Theo Golding, Ólafur Arnalds"
EDITORIAL_PLAYLIST,20250518,2720577,N/A,1747576626885,14,"Alternative, Ambient, Classical, Classical Crossover, Electronic, Indie Rock, Instrumental, Music","Chad Lawson, Driftwood, Hania Rani, James Southall, Mamoosh, Mark Timothy Hawkins, N/A, Nicolas Phillimore Dagnall, Royal Philharmonic Orchestra, SOHN, Sophie Hutchings, Ólafur Arnalds"
EDITORIAL_PLAYLIST,20250519,2127132,N/A,1747679296899,13,"Classical, Classical Crossover, Jazz, Music","Chad Lawson, Dustin O'Halloran, James Southall, Lambert, N/A, Royal Philharmonic Orchestra, Ólafur Arnalds"
EDITORIAL_PLAYLIST,20250520,898348,N/A,1747745712925,4,"Classical, Classical Crossover, Music","Chad Lawson, James Southall, Royal Philharmonic Orchestra, Ólafur Arnalds"
EDITORIAL_PLAYLIST,20250607,64347,N/A,1749336156012,1,"Music, Pop",Kesha
EDITORIAL_PLAYLIST,20250608,2986050,N/A,1749406747150,16,"Adult Alternative, Adult Contemporary, Alternative, British Invasion, Britpop, Contemporary R&B, Dance, Electronic, Electronica, Hard Rock, Hip Hop/Rap, House, Indie Rock, Music, Neo-Soul, Pop, Pop/Rock, R&B/Soul, Rock, Rock & Roll, Soft Rock, Soul, Techno, Teen Pop, Vocal","2 Unlimited, Amber, Aqua, Billie Eilish, Britney Spears, Cher, Crystal Waters, Deee-Lite, Eric Prydz, George Michael, Jennifer Lopez, Madonna, Mariah Carey, Oasis, Vengaboys"
EDITORIAL_PLAYLIST,20250612,437000,N/A,1749752739670,2,"Adult Alternative, Alternative, British Invasion, Britpop, Hard Rock, Indie Rock, Music, Pop, Pop/Rock, Rock, Rock & Roll","No Doubt, Oasis"
EDITORIAL_PLAYLIST,20250712,424273,N/A,1752340516940,3,"K-Pop, Music, Pop","Miley Cyrus, NewJeans"
STREAM_RADIO_STATION,20240818,6865594,N/A,1724025395377,1,N/A,N/A
STREAM_RADIO_STATION,20240819,20083075,N/A,1724111252669,4,N/A,N/A
STREAM_RADIO_STATION,20240820,15531954,N/A,1724198157636,5,N/A,N/A
STREAM_RADIO_STATION,20240821,2495075,N/A,1724281155824,2,N/A,N/A
STREAM_RADIO_STATION,20240822,7826476,N/A,1724370727151,2,N/A,N/A
STREAM_RADIO_STATION,20240823,6628475,N/A,1724454409543,2,N/A,N/A
PERSONAL_RADIO_STATION,20240806,1732000,N/A,1722964742553,9,"Adult Alternative, Alternative, Arena Rock, Australia, Contemporary Celtic, Dance, Disco, Electronic, Hard Rock, Heavy Metal, Music, Pop, Pop/Rock, R&B/Soul, Rock, Trance, World","AC/DC, Artemas, Billie Eilish, Blondie, Ferry Corsten, Sam Smith, The Cranberries, Tones And I, USHER"
PERSONAL_RADIO_STATION,20240810,57000,N/A,1723252392469,1,"Music, Pop",Jax
PERSONAL_RADIO_STATION,20240814,333000,N/A,1723645511403,2,"Hip Hop/Rap, Music, Pop, Rap","Latto, Rihanna"
PERSONAL_RADIO_STATION,20240821,174000,N/A,1724283642779,1,"Music, Pop","Jonas Brothers"
PERSONAL_RADIO_STATION,20250109,36000,N/A,1736433775399,1,"Music, Pop","Lady Gaga"
PERSONAL_RADIO_STATION,20250111,91000,N/A,1736623483865,1,"Alternative, Music",CHVRCHES
PERSONAL_RADIO_STATION,20250113,197000,N/A,1736770194674,2,"Adult Alternative, Alternative, Classical, College Rock, Electronic, Goth Rock, Modern Era, Music, New Wave, Rock","The Cure, The Tear Garden"
PERSONAL_RADIO_STATION,20250117,76000,N/A,1737151147895,1,"Music, Rock",Poppy
PERSONAL_RADIO_STATION,20250120,84000,N/A,1737392034836,2,"Adult Alternative, Alternative, Electronic, Hard Rock, Heavy Metal, Indie Rock, Industrial, Music, Rock","Nine Inch Nails, The Afghan Whigs"
PERSONAL_RADIO_STATION,20250121,95000,N/A,1737486283510,1,"Alternative, Music",Blancmange
PERSONAL_RADIO_STATION,20250124,85000,N/A,1737738971829,1,"Music, Pop","Justin Bieber"
PERSONAL_RADIO_STATION,20250204,558000,N/A,1738693499970,3,"Adult Alternative, Country, Hard Rock, Heavy Metal, Music, Pop, Pop/Rock, Rock","Hollywood Undead, Post Malone, Tears for Fears"
PERSONAL_RADIO_STATION,20250207,1552000,N/A,1738939085006,6,"Alternative, Arena Rock, Dance, Electronic, Hair Metal, Hard Rock, Heavy Metal, House, Music, Pop, Rock, Techno","HEALTH, Henry Green, Imagine Dragons, Scorpions, Sia, deadmau5"
PERSONAL_RADIO_STATION,20250219,626000,N/A,1739973843816,3,"Adult Alternative, Adult Contemporary, Country, Music, Pop, Pop/Rock, Rock, Soft Rock","Book of Love, Kim Carnes, Rick Springfield"
PERSONAL_RADIO_STATION,20250308,192000,N/A,1741448374699,1,"Alternative, Music","The Cure"
PERSONAL_RADIO_STATION,20250323,716000,N/A,1742771748854,4,"Alternative, Electronic, Heavy Metal, Music, Rock","HEALTH, Orchestral Manoeuvres In the Dark, Otep, Poppy"
PERSONAL_RADIO_STATION,20250326,1924000,N/A,1742948977398,8,"Adult Alternative, Alternative, Dance, Hard Rock, Heavy Metal, Indie Rock, Latin, Music, Pop, Pop/Rock, R&B/Soul, Rock, Teen Pop","Alice Deejay, Bad Omens, Gigi D'Agostino, Pitbull, Rihanna, The Afghan Whigs, The Wanted, VNV Nation"
PERSONAL_RADIO_STATION,20250328,160000,N/A,1743165854358,1,"Adult Alternative, Hard Rock, Heavy Metal, Music, Rock","Hollywood Undead"
PERSONAL_RADIO_STATION,20250406,164000,N/A,1743955429864,2,"Arena Rock, Australia, Hard Rock, Heavy Metal, Music, Pop, Rock, World","AC/DC, The B-52's"
PERSONAL_RADIO_STATION,20250411,36000,N/A,1744376234961,1,"Alternative, Music","The Cure"
PERSONAL_RADIO_STATION,20250412,1511000,N/A,1744472713117,6,"Adult Alternative, Alternative, Arena Rock, Dance, Electronic, Hard Rock, Heavy Metal, Industrial, Music, Pop, Rock","Berlin, Book of Love, LINKIN PARK, Ozzy Osbourne, Skinny Puppy, The Smiths"
PERSONAL_RADIO_STATION,20250415,1063000,N/A,1744743233180,4,"Adult Alternative, Alternative, Music, New Wave, Pop, Rock","Blancmange, Bruno Mars, Depeche Mode, Imagine Dragons, Lady Gaga"
PERSONAL_RADIO_STATION,20250426,34000,N/A,1745629607674,1,"Hard Rock, Heavy Metal, Music, Rock",Otep
PERSONAL_RADIO_STATION,20250503,115000,N/A,1746286157865,1,"Hard Rock, Heavy Metal, Music, Rock","Marilyn Manson"
PERSONAL_RADIO_STATION,20250507,32000,N/A,1746622251664,1,"Hip Hop/Rap, Music","2 Chainz"
PERSONAL_RADIO_STATION,20250515,223000,N/A,1747351929859,1,"Adult Alternative, Alternative, Music, Rock","Imagine Dragons"
PERSONAL_RADIO_STATION,20250519,123000,N/A,1747660136299,1,"Music, Pop","Duncan Laurence"
PERSONAL_RADIO_STATION,20250612,71000,N/A,1749753675377,1,"Adult Alternative, Alternative, College Rock, Goth Rock, Music, Rock","The Cure"
PERSONAL_RADIO_STATION,20250618,65000,N/A,1750243504373,1,"Music, Pop","Kim Petras, Sam Smith"
PERSONAL_RADIO_STATION,20250708,53000,N/A,1751991569672,1,"Music, Pop","Billie Eilish, Khalid"
CURATOR_PLAYLIST,20240803,1129166,N/A,1722719475359,6,"Alternative, Dance, Electronic, Music, Pop, R&B/Soul","BL3SS, CamrinWatsin, Hozier, Kehlani, RÜFÜS DU SOL, Taylor Swift"
CURATOR_PLAYLIST,20240813,817126,N/A,1723590150123,4,"Alternative, Dance, Electronic, Music, Pop","CYRIL, Dua Lipa, Michael Marcagi, RÜFÜS DU SOL"
CURATOR_PLAYLIST,20240814,131903,N/A,1723671449267,1,"Dance, Music","Charli xcx"
CURATOR_PLAYLIST,20240817,166000,N/A,1723936245498,1,"Music, Pop","Alex Warren"
CURATOR_PLAYLIST,20240822,343390,N/A,1724371217003,2,"Electronic, Music, Pop","Charli xcx, Taylor Swift"
CURATOR_PLAYLIST,20240823,395041,N/A,1724371473747,2,"Electronic, Music, Pop","Bruno Mars, Charli xcx, Lady Gaga"
CURATOR_PLAYLIST,20240830,440000,N/A,1725024771194,3,"Easy Listening, Music","Miracle Tones, Solfeggio Healing Frequencies MT"
CURATOR_PLAYLIST,20241003,791852,N/A,1727997482684,5,"Dance, Hip Hop/Rap, Music, Pop","Benson Boone, Chappell Roan, David Guetta, OneRepublic, Tommy Richman"
CURATOR_PLAYLIST,20241004,198143,N/A,1728001059824,1,"Music, R&B/Soul","The Weeknd"
CURATOR_PLAYLIST,20241011,88263,N/A,1728660873984,1,"Alternative, Music",Coldplay
CURATOR_PLAYLIST,20241208,317903,N/A,1733693314963,2,"Electronic, Music, Pop","Bruno Mars, Charli xcx, ROSÉ"
CURATOR_PLAYLIST,20241213,168515,N/A,1734095915931,1,"Music, Pop","Bruno Mars, ROSÉ"
CURATOR_PLAYLIST,20241218,213201,N/A,1734527625564,1,"Alternative, Music","Burna Boy, Coldplay, Elyanna, Little Simz, TINI"
CURATOR_PLAYLIST,20241219,257960,N/A,1734650257869,1,"Music, Pop","Chappell Roan"
CURATOR_PLAYLIST,20241221,61931,N/A,1734806196071,1,"Music, Pop","Benson Boone"
CURATOR_PLAYLIST,20250516,395896,N/A,1747439158422,2,"Music, Pop","Alex Warren"
CURATOR_PLAYLIST,20250517,1829855,N/A,1747506628113,8,"Alternative, Hip Hop/Rap, Music, Pop","Bruno Mars, Doechii, Gigi Perez, Lady Gaga, The Marías"
CURATOR_PLAYLIST,20250522,38979,N/A,1747952931951,1,"Music, Pop",Lizzo
CURATOR_PLAYLIST,20250523,319578,N/A,1747962561467,4,"Music, Pop","Lady Gaga"
CURATOR_PLAYLIST,20250526,221810,N/A,1748223003094,2,"Music, Pop","Sabrina Carpenter"
CURATOR_PLAYLIST,20250613,468160,N/A,1749829351329,3,"Music, Pop","Alex Warren"
CURATOR_PLAYLIST,20250704,224106,N/A,1751635379957,4,"Hip Hop/Rap, Music, Pop","Benson Boone, Charli xcx, Doechii"
CURATOR_PLAYLIST,20250712,688596,N/A,1752339655025,5,"Alternative, Music, Pop","Artemas, Bruno Mars, Lady Gaga"
CURATOR_PLAYLIST,20250720,111607,N/A,1752979703833,2,"Hip Hop/Rap, Music, Pop","Don Toliver"
USER_PLAYLIST,20241213,75885,N/A,1734095998965,1,"Electronic, Music","Dom Dolla, Mansionair"
USER_PLAYLIST,20241216,442816,N/A,1734355170958,2,"Dance, Electronic, House, Music","Dom Dolla, Gareth Emery, Mansionair"
USER_PLAYLIST,20250417,2796409,N/A,1744908518348,13,"Alternative, Electronic, Music, Soundtrack","Crystal Castles, HEALTH, Nine Inch Nails, Perturbator, Tyler Bates"
USER_PLAYLIST,20250418,1418569,N/A,1744939781368,10,"Alternative, Music, Soundtrack","Ghostemane, HEALTH, Soccer Mommy, Window Weather"
AUTOPLAY_RADIO_STATION,20240807,344898,N/A,1723046538927,2,"Dance, Electronic, Music, Trance","Davey Asprey, Gareth Emery"
AUTOPLAY_RADIO_STATION,20240810,33200,N/A,1723333714068,1,"Dance, Music","W&W"
AUTOPLAY_RADIO_STATION,20241024,3358739,N/A,1729790578192,14,"Alternative, Contemporary Country, Country, Death Metal/Black Metal, Hard Rock, Heavy Metal, Music, Pop, Rock, Urban Cowboy","Butcher Babies, Chase Rice, DevilDriver, Disturbed, Dope, In This Moment, King 810, Lacuna Coil, Marilyn Manson, Mushroomhead, Slipknot, System Of A Down"
AUTOPLAY_RADIO_STATION,20241218,78259,N/A,1734535327172,1,"Dance, Music",Tiësto
AUTOPLAY_RADIO_STATION,20250504,156361,N/A,1746400554420,1,"Dance, Music, Pop",Marshmello
ADAM_ID_RADIO_STATION,20240805,2723000,N/A,1722897065211,12,"Adult Contemporary, Alternative, Arena Rock, Contemporary R&B, Dance, Disco, Electronic, Funk, Hard Rock, Music, New Wave, Pop, Pop/Rock, Quiet Storm, R&B/Soul, Rock, Singer/Songwriter, Soft Rock, Soul","Billy Joel, Blondie, Cher, Cyndi Lauper, Duran Duran, Journey, Madonna, Michael Jackson, Paula Abdul, Phil Collins, The Bangles, Toto"
ADAM_ID_RADIO_STATION,20250408,845000,N/A,1744122643085,3,"Alternative, Music, New Wave, Pop, Pop/Rock","Belinda Carlisle, Bon Jovi, Cyndi Lauper"
